[0.000000] (-) TimerEvent: {}
[0.000807] (gamma_system_bridge_pkg) JobQueued: {'identifier': 'gamma_system_bridge_pkg', 'dependencies': OrderedDict()}
[0.000925] (sfr_coursework2_interface_package) JobQueued: {'identifier': 'sfr_coursework2_interface_package', 'dependencies': OrderedDict()}
[0.001142] (gamma_system_bridge_pkg) JobStarted: {'identifier': 'gamma_system_bridge_pkg'}
[0.037185] (sfr_coursework2_interface_package) JobStarted: {'identifier': 'sfr_coursework2_interface_package'}
[0.099893] (-) TimerEvent: {}
[0.200360] (-) TimerEvent: {}
[0.300739] (-) TimerEvent: {}
[0.401312] (-) TimerEvent: {}
[0.501826] (-) TimerEvent: {}
[0.569714] (sfr_coursework2_interface_package) JobProgress: {'identifier': 'sfr_coursework2_interface_package', 'progress': 'cmake'}
[0.572516] (sfr_coursework2_interface_package) Command: {'cmd': ['/usr/bin/cmake', '/home/student48/assessments/coursework2/src/sfr_coursework2_interface_package', '-DCMAKE_INSTALL_PREFIX=/home/student48/assessments/coursework2/install/sfr_coursework2_interface_package'], 'cwd': '/home/student48/assessments/coursework2/build/sfr_coursework2_interface_package', 'env': OrderedDict({'GJS_DEBUG_TOPICS': 'JS ERROR;JS LOG', 'XDG_ACTIVATION_TOKEN': 'gnome-shell/Terminator/4069-24-e-24ul523g78z_TIME22855698', 'LESSOPEN': '| /usr/bin/lesspipe %s', 'GZ_SIM_RESOURCE_PATH': '/opt/ros/jazzy/share', 'USER': 'student48', 'GZ_CONFIG_PATH': '/opt/ros/jazzy/opt/gz_sim_vendor/share/gz:/opt/ros/jazzy/opt/sdformat_vendor/share/gz:/opt/ros/jazzy/opt/gz_gui_vendor/share/gz:/opt/ros/jazzy/opt/gz_transport_vendor/share/gz:/opt/ros/jazzy/opt/gz_rendering_vendor/share/gz:/opt/ros/jazzy/opt/gz_plugin_vendor/share/gz:/opt/ros/jazzy/opt/gz_fuel_tools_vendor/share/gz:/opt/ros/jazzy/opt/gz_msgs_vendor/share/gz:/opt/ros/jazzy/opt/gz_common_vendor/share/gz', 'XDG_SESSION_TYPE': 'x11', 'CLUTTER_DISABLE_MIPMAPPED_TEXT': '1', 'SHLVL': '1', 'LD_LIBRARY_PATH': '/home/student48/ros2_tutorial_workspace/install/package_with_interfaces/lib:/opt/ros/jazzy/opt/gz_sim_vendor/lib:/opt/ros/jazzy/opt/gz_sensors_vendor/lib:/opt/ros/jazzy/opt/gz_physics_vendor/lib:/opt/ros/jazzy/opt/sdformat_vendor/lib:/opt/ros/jazzy/opt/rviz_ogre_vendor/lib:/opt/ros/jazzy/lib/x86_64-linux-gnu:/opt/ros/jazzy/opt/gz_gui_vendor/lib:/opt/ros/jazzy/opt/gz_transport_vendor/lib:/opt/ros/jazzy/opt/gz_rendering_vendor/lib:/opt/ros/jazzy/opt/gz_plugin_vendor/lib:/opt/ros/jazzy/opt/gz_fuel_tools_vendor/lib:/opt/ros/jazzy/opt/gz_msgs_vendor/lib:/opt/ros/jazzy/opt/gz_common_vendor/lib:/opt/ros/jazzy/opt/gz_math_vendor/lib:/opt/ros/jazzy/opt/gz_utils_vendor/lib:/opt/ros/jazzy/opt/gz_tools_vendor/lib:/opt/ros/jazzy/opt/gz_ogre_next_vendor/lib:/opt/ros/jazzy/opt/gz_dartsim_vendor/lib:/opt/ros/jazzy/opt/gz_cmake_vendor/lib:/opt/ros/jazzy/lib', 'HOME': '/home/student48', 'OLDPWD': '/home/student48/assessments/coursework2/src', 'DESKTOP_SESSION': 'ubuntu', 'GIO_LAUNCHED_DESKTOP_FILE': '/usr/share/applications/terminator.desktop', 'ROS_PYTHON_VERSION': '3', 'GNOME_SHELL_SESSION_MODE': 'ubuntu', 'GTK_MODULES': 'gail:atk-bridge', 'MANAGERPID': '3536', 'SYSTEMD_EXEC_PID': '4069', 'GSM_SKIP_SSH_AGENT_WORKAROUND': 'true', 'DBUS_SESSION_BUS_ADDRESS': 'unix:path=/run/user/1001/bus', 'COLORTERM': 'truecolor', 'TERMINATOR_DBUS_NAME': 'net.tenshu.Terminator23558193cd9818af7fe4d2c2f5bd9d00f', 'GIO_LAUNCHED_DESKTOP_FILE_PID': '473322', 'DEBUGINFOD_URLS': 'https://debuginfod.ubuntu.com', 'COLCON_PREFIX_PATH': '/home/student48/ros2_tutorial_workspace/install:/home/student48/assessments/week4/src/install', 'ROS_DISTRO': 'jazzy', 'LOGNAME': 'student48', 'JOURNAL_STREAM': '9:28955', '_': '/usr/bin/colcon', 'ROS_VERSION': '2', 'MEMORY_PRESSURE_WATCH': '/sys/fs/cgroup/user.slice/user-1001.slice/user@1001.service/session.slice/org.gnome.Shell@x11.service/memory.pressure', 'XDG_SESSION_CLASS': 'user', 'USERNAME': 'student48', 'TERM': 'xterm-256color', 'GNOME_DESKTOP_SESSION_ID': 'this-is-deprecated', 'WINDOWPATH': '2', 'PATH': '/opt/ros/jazzy/opt/gz_msgs_vendor/bin:/opt/ros/jazzy/opt/gz_tools_vendor/bin:/opt/ros/jazzy/opt/gz_ogre_next_vendor/bin:/opt/ros/jazzy/bin:/home/student48/.local/bin:/usr/local/sbin:/usr/local/bin:/usr/sbin:/usr/bin:/sbin:/bin:/usr/games:/usr/local/games:/snap/bin:/snap/bin', 'SESSION_MANAGER': 'local/e-24ul523g78z:@/tmp/.ICE-unix/4020,unix/e-24ul523g78z:/tmp/.ICE-unix/4020', 'INVOCATION_ID': 'cfe83700b9474ddbb7229b43a557dcb5', 'XDG_MENU_PREFIX': 'gnome-', 'XDG_RUNTIME_DIR': '/run/user/1001', 'DISPLAY': ':1', 'TERMINATOR_DBUS_PATH': '/net/tenshu/Terminator2', 'LANG': 'en_GB.UTF-8', 'XDG_CURRENT_DESKTOP': 'ubuntu:GNOME', 'XMODIFIERS': '@im=ibus', 'XDG_SESSION_DESKTOP': 'ubuntu', 'XAUTHORITY': '/run/user/1001/gdm/Xauthority', 'LS_COLORS': 'rs=0:di=01;34:ln=01;36:mh=00:pi=40;33:so=01;35:do=01;35:bd=40;33;01:cd=40;33;01:or=40;31;01:mi=00:su=37;41:sg=30;43:ca=00:tw=30;42:ow=34;42:st=37;44:ex=01;32:*.tar=01;31:*.tgz=01;31:*.arc=01;31:*.arj=01;31:*.taz=01;31:*.lha=01;31:*.lz4=01;31:*.lzh=01;31:*.lzma=01;31:*.tlz=01;31:*.txz=01;31:*.tzo=01;31:*.t7z=01;31:*.zip=01;31:*.z=01;31:*.dz=01;31:*.gz=01;31:*.lrz=01;31:*.lz=01;31:*.lzo=01;31:*.xz=01;31:*.zst=01;31:*.tzst=01;31:*.bz2=01;31:*.bz=01;31:*.tbz=01;31:*.tbz2=01;31:*.tz=01;31:*.deb=01;31:*.rpm=01;31:*.jar=01;31:*.war=01;31:*.ear=01;31:*.sar=01;31:*.rar=01;31:*.alz=01;31:*.ace=01;31:*.zoo=01;31:*.cpio=01;31:*.7z=01;31:*.rz=01;31:*.cab=01;31:*.wim=01;31:*.swm=01;31:*.dwm=01;31:*.esd=01;31:*.avif=01;35:*.jpg=01;35:*.jpeg=01;35:*.mjpg=01;35:*.mjpeg=01;35:*.gif=01;35:*.bmp=01;35:*.pbm=01;35:*.pgm=01;35:*.ppm=01;35:*.tga=01;35:*.xbm=01;35:*.xpm=01;35:*.tif=01;35:*.tiff=01;35:*.png=01;35:*.svg=01;35:*.svgz=01;35:*.mng=01;35:*.pcx=01;35:*.mov=01;35:*.mpg=01;35:*.mpeg=01;35:*.m2v=01;35:*.mkv=01;35:*.webm=01;35:*.webp=01;35:*.ogm=01;35:*.mp4=01;35:*.m4v=01;35:*.mp4v=01;35:*.vob=01;35:*.qt=01;35:*.nuv=01;35:*.wmv=01;35:*.asf=01;35:*.rm=01;35:*.rmvb=01;35:*.flc=01;35:*.avi=01;35:*.fli=01;35:*.flv=01;35:*.gl=01;35:*.dl=01;35:*.xcf=01;35:*.xwd=01;35:*.yuv=01;35:*.cgm=01;35:*.emf=01;35:*.ogv=01;35:*.ogx=01;35:*.aac=00;36:*.au=00;36:*.flac=00;36:*.m4a=00;36:*.mid=00;36:*.midi=00;36:*.mka=00;36:*.mp3=00;36:*.mpc=00;36:*.ogg=00;36:*.ra=00;36:*.wav=00;36:*.oga=00;36:*.opus=00;36:*.spx=00;36:*.xspf=00;36:*~=00;90:*#=00;90:*.bak=00;90:*.crdownload=00;90:*.dpkg-dist=00;90:*.dpkg-new=00;90:*.dpkg-old=00;90:*.dpkg-tmp=00;90:*.old=00;90:*.orig=00;90:*.part=00;90:*.rej=00;90:*.rpmnew=00;90:*.rpmorig=00;90:*.rpmsave=00;90:*.swp=00;90:*.tmp=00;90:*.ucf-dist=00;90:*.ucf-new=00;90:*.ucf-old=00;90:', 'SSH_AUTH_SOCK': '/run/user/1001/keyring/ssh', 'AMENT_PREFIX_PATH': '/home/student48/ros2_tutorial_workspace/install/the_simplest_python_packagee:/home/student48/ros2_tutorial_workspace/install/the_simplest_python_package:/home/student48/ros2_tutorial_workspace/install/python_package_with_a_node:/home/student48/ros2_tutorial_workspace/install/python_package_that_uses_the_library:/home/student48/ros2_tutorial_workspace/install/python_package_with_a_library:/home/student48/ros2_tutorial_workspace/install/python_package_that_uses_the_services:/home/student48/ros2_tutorial_workspace/install/python_package_that_uses_the_messages:/home/student48/ros2_tutorial_workspace/install/python_package_that_uses_the_actions:/home/student48/ros2_tutorial_workspace/install/python_package_that_uses_tf2:/home/student48/ros2_tutorial_workspace/install/python_package_that_uses_parameters_and_launch_files:/home/student48/ros2_tutorial_workspace/install/python_package_that_uses_nav2:/home/student48/ros2_tutorial_workspace/install/python_package_that_uses_geometry_msgs:/home/student48/ros2_tutorial_workspace/install/python_package_that_uses_gazebo:/home/student48/ros2_tutorial_workspace/install/package_with_interfaces:/home/student48/ros2_tutorial_workspace/install/my_package:/home/student48/ros2_tutorial_workspace/install/custom_tf_package:/home/student48/ros2_tutorial_workspace/install/custom_tf_broadcaster_package:/home/student48/ros2_tutorial_workspace/install/custom_subscriber_package:/home/student48/ros2_tutorial_workspace/install/custom_server_package:/home/student48/ros2_tutorial_workspace/install/custom_publisher_package:/home/student48/ros2_tutorial_workspace/install/custom_package_with_node:/home/student48/ros2_tutorial_workspace/install/custom_package_with_library:/home/student48/ros2_tutorial_workspace/install/custom_client_package:/home/student48/ros2_tutorial_workspace/install/custom_action_server_package:/home/student48/ros2_tutorial_workspace/install/custom_action_client_package:/home/student48/ros2_tutorial_workspace/install/another_package:/home/student48/assessments/week4/src/install/volkswagen:/home/student48/assessments/week4/src/install/building:/opt/ros/jazzy', 'SHELL': '/bin/bash', 'TERMINATOR_UUID': 'urn:uuid:d2f7d3f1-2b70-449f-9d37-e4e4965f3838', 'QT_ACCESSIBILITY': '1', 'GDMSESSION': 'ubuntu', 'LESSCLOSE': '/usr/bin/lesspipe %s %s', 'GPG_AGENT_INFO': '/run/user/1001/gnupg/S.gpg-agent:0:1', 'GJS_DEBUG_OUTPUT': 'stderr', 'ROS_AUTOMATIC_DISCOVERY_RANGE': 'SUBNET', 'QT_IM_MODULE': 'ibus', 'PWD': '/home/student48/assessments/coursework2/build/sfr_coursework2_interface_package', 'XDG_CONFIG_DIRS': '/etc/xdg/xdg-ubuntu:/etc/xdg', 'XDG_DATA_DIRS': '/usr/share/ubuntu:/usr/share/gnome:/usr/local/share/:/usr/share/:/var/lib/snapd/desktop', 'PYTHONPATH': '/home/student48/ros2_tutorial_workspace/install/the_simplest_python_packagee/lib/python3.12/site-packages:/home/student48/ros2_tutorial_workspace/install/the_simplest_python_package/lib/python3.12/site-packages:/home/student48/ros2_tutorial_workspace/install/python_package_with_a_node/lib/python3.12/site-packages:/home/student48/ros2_tutorial_workspace/install/python_package_that_uses_the_library/lib/python3.12/site-packages:/home/student48/ros2_tutorial_workspace/install/python_package_with_a_library/lib/python3.12/site-packages:/home/student48/ros2_tutorial_workspace/install/python_package_that_uses_the_services/lib/python3.12/site-packages:/home/student48/ros2_tutorial_workspace/install/python_package_that_uses_the_messages/lib/python3.12/site-packages:/home/student48/ros2_tutorial_workspace/install/python_package_that_uses_the_actions/lib/python3.12/site-packages:/home/student48/ros2_tutorial_workspace/install/python_package_that_uses_tf2/lib/python3.12/site-packages:/home/student48/ros2_tutorial_workspace/install/python_package_that_uses_parameters_and_launch_files/lib/python3.12/site-packages:/home/student48/ros2_tutorial_workspace/install/python_package_that_uses_nav2/lib/python3.12/site-packages:/home/student48/ros2_tutorial_workspace/install/python_package_that_uses_geometry_msgs/lib/python3.12/site-packages:/home/student48/ros2_tutorial_workspace/install/python_package_that_uses_gazebo/lib/python3.12/site-packages:/home/student48/ros2_tutorial_workspace/install/package_with_interfaces/lib/python3.12/site-packages:/home/student48/ros2_tutorial_workspace/install/my_package/lib/python3.12/site-packages:/home/student48/ros2_tutorial_workspace/install/custom_tf_package/lib/python3.12/site-packages:/home/student48/ros2_tutorial_workspace/install/custom_tf_broadcaster_package/lib/python3.12/site-packages:/home/student48/ros2_tutorial_workspace/install/custom_subscriber_package/lib/python3.12/site-packages:/home/student48/ros2_tutorial_workspace/install/custom_server_package/lib/python3.12/site-packages:/home/student48/ros2_tutorial_workspace/install/custom_publisher_package/lib/python3.12/site-packages:/home/student48/ros2_tutorial_workspace/install/custom_package_with_node/lib/python3.12/site-packages:/home/student48/ros2_tutorial_workspace/install/custom_package_with_library/lib/python3.12/site-packages:/home/student48/ros2_tutorial_workspace/install/custom_client_package/lib/python3.12/site-packages:/home/student48/ros2_tutorial_workspace/install/custom_action_server_package/lib/python3.12/site-packages:/home/student48/ros2_tutorial_workspace/install/custom_action_client_package/lib/python3.12/site-packages:/home/student48/ros2_tutorial_workspace/install/another_package/lib/python3.12/site-packages:/home/student48/assessments/week4/src/install/volkswagen/lib/python3.12/site-packages:/home/student48/assessments/week4/src/install/building/lib/python3.12/site-packages:/opt/ros/jazzy/lib/python3.12/site-packages', 'COLCON': '1', 'MEMORY_PRESSURE_WRITE': 'c29tZSAyMDAwMDAgMjAwMDAwMAA=', 'VTE_VERSION': '7600', 'CMAKE_PREFIX_PATH': '/home/student48/ros2_tutorial_workspace/install/package_with_interfaces:/opt/ros/jazzy/opt/gz_sim_vendor:/opt/ros/jazzy/opt/gz_sensors_vendor:/opt/ros/jazzy/opt/gz_physics_vendor:/opt/ros/jazzy/opt/sdformat_vendor:/opt/ros/jazzy/opt/gz_gui_vendor:/opt/ros/jazzy/opt/gz_transport_vendor:/opt/ros/jazzy/opt/gz_rendering_vendor:/opt/ros/jazzy/opt/gz_plugin_vendor:/opt/ros/jazzy/opt/gz_fuel_tools_vendor:/opt/ros/jazzy/opt/gz_msgs_vendor:/opt/ros/jazzy/opt/gz_common_vendor:/opt/ros/jazzy/opt/gz_math_vendor:/opt/ros/jazzy/opt/gz_utils_vendor:/opt/ros/jazzy/opt/gz_tools_vendor:/opt/ros/jazzy/opt/gz_ogre_next_vendor:/opt/ros/jazzy/opt/gz_dartsim_vendor:/opt/ros/jazzy/opt/gz_cmake_vendor:/home/student48/ros2_tutorial_workspace/install/the_simplest_python_packagee:/home/student48/ros2_tutorial_workspace/install/the_simplest_python_package:/home/student48/ros2_tutorial_workspace/install/python_package_with_a_node:/home/student48/ros2_tutorial_workspace/install/python_package_that_uses_the_library:/home/student48/ros2_tutorial_workspace/install/python_package_with_a_library:/home/student48/ros2_tutorial_workspace/install/python_package_that_uses_the_services:/home/student48/ros2_tutorial_workspace/install/python_package_that_uses_the_messages:/home/student48/ros2_tutorial_workspace/install/python_package_that_uses_the_actions:/home/student48/ros2_tutorial_workspace/install/python_package_that_uses_tf2:/home/student48/ros2_tutorial_workspace/install/python_package_that_uses_parameters_and_launch_files:/home/student48/ros2_tutorial_workspace/install/python_package_that_uses_nav2:/home/student48/ros2_tutorial_workspace/install/python_package_that_uses_geometry_msgs:/home/student48/ros2_tutorial_workspace/install/python_package_that_uses_gazebo:/home/student48/ros2_tutorial_workspace/install/my_package:/home/student48/ros2_tutorial_workspace/install/custom_tf_package:/home/student48/ros2_tutorial_workspace/install/custom_tf_broadcaster_package:/home/student48/ros2_tutorial_workspace/install/custom_subscriber_package:/home/student48/ros2_tutorial_workspace/install/custom_server_package:/home/student48/ros2_tutorial_workspace/install/custom_publisher_package:/home/student48/ros2_tutorial_workspace/install/custom_package_with_node:/home/student48/ros2_tutorial_workspace/install/custom_package_with_library:/home/student48/ros2_tutorial_workspace/install/custom_client_package:/home/student48/ros2_tutorial_workspace/install/custom_action_server_package:/home/student48/ros2_tutorial_workspace/install/custom_action_client_package:/home/student48/ros2_tutorial_workspace/install/another_package:/home/student48/assessments/week4/src/install/volkswagen:/home/student48/assessments/week4/src/install/building:/opt/ros/jazzy'}), 'shell': False}
[0.602171] (-) TimerEvent: {}
[0.702803] (-) TimerEvent: {}
[0.804368] (-) TimerEvent: {}
[0.886186] (sfr_coursework2_interface_package) StdoutLine: {'line': b'-- The C compiler identification is GNU 13.3.0\n'}
[0.904972] (-) TimerEvent: {}
[1.007572] (-) TimerEvent: {}
[1.114255] (-) TimerEvent: {}
[1.141263] (sfr_coursework2_interface_package) StdoutLine: {'line': b'-- The CXX compiler identification is GNU 13.3.0\n'}
[1.199181] (sfr_coursework2_interface_package) StdoutLine: {'line': b'-- Detecting C compiler ABI info\n'}
[1.214528] (-) TimerEvent: {}
[1.315945] (-) TimerEvent: {}
[1.418269] (-) TimerEvent: {}
[1.464980] (sfr_coursework2_interface_package) StdoutLine: {'line': b'-- Detecting C compiler ABI info - done\n'}
[1.478392] (sfr_coursework2_interface_package) StdoutLine: {'line': b'-- Check for working C compiler: /usr/bin/cc - skipped\n'}
[1.479340] (sfr_coursework2_interface_package) StdoutLine: {'line': b'-- Detecting C compile features\n'}
[1.480583] (sfr_coursework2_interface_package) StdoutLine: {'line': b'-- Detecting C compile features - done\n'}
[1.499055] (sfr_coursework2_interface_package) StdoutLine: {'line': b'-- Detecting CXX compiler ABI info\n'}
[1.518450] (-) TimerEvent: {}
[1.619808] (-) TimerEvent: {}
[1.720700] (-) TimerEvent: {}
[1.774756] (sfr_coursework2_interface_package) StdoutLine: {'line': b'-- Detecting CXX compiler ABI info - done\n'}
[1.818620] (sfr_coursework2_interface_package) StdoutLine: {'line': b'-- Check for working CXX compiler: /usr/bin/c++ - skipped\n'}
[1.819120] (sfr_coursework2_interface_package) StdoutLine: {'line': b'-- Detecting CXX compile features\n'}
[1.820183] (sfr_coursework2_interface_package) StdoutLine: {'line': b'-- Detecting CXX compile features - done\n'}
[1.820768] (-) TimerEvent: {}
[1.844439] (sfr_coursework2_interface_package) StdoutLine: {'line': b'-- Found ament_cmake: 2.5.4 (/opt/ros/jazzy/share/ament_cmake/cmake)\n'}
[1.921009] (-) TimerEvent: {}
[2.021669] (-) TimerEvent: {}
[2.122556] (-) TimerEvent: {}
[2.223127] (-) TimerEvent: {}
[2.323684] (-) TimerEvent: {}
[2.325607] (sfr_coursework2_interface_package) StdoutLine: {'line': b'-- Found Python3: /usr/bin/python3 (found version "3.12.3") found components: Interpreter \n'}
[2.423806] (-) TimerEvent: {}
[2.524395] (-) TimerEvent: {}
[2.577908] (gamma_system_bridge_pkg) Command: {'cmd': ['/usr/bin/python3', '-W', 'ignore:setup.py install is deprecated', '-W', 'ignore:easy_install command is deprecated', 'setup.py', 'egg_info', '--egg-base', '../../build/gamma_system_bridge_pkg', 'build', '--build-base', '/home/student48/assessments/coursework2/build/gamma_system_bridge_pkg/build', 'install', '--record', '/home/student48/assessments/coursework2/build/gamma_system_bridge_pkg/install.log', '--single-version-externally-managed', 'install_data'], 'cwd': '/home/student48/assessments/coursework2/src/gamma_system_bridge_pkg', 'env': {'GJS_DEBUG_TOPICS': 'JS ERROR;JS LOG', 'XDG_ACTIVATION_TOKEN': 'gnome-shell/Terminator/4069-24-e-24ul523g78z_TIME22855698', 'LESSOPEN': '| /usr/bin/lesspipe %s', 'GZ_SIM_RESOURCE_PATH': '/opt/ros/jazzy/share', 'USER': 'student48', 'GZ_CONFIG_PATH': '/opt/ros/jazzy/opt/gz_sim_vendor/share/gz:/opt/ros/jazzy/opt/sdformat_vendor/share/gz:/opt/ros/jazzy/opt/gz_gui_vendor/share/gz:/opt/ros/jazzy/opt/gz_transport_vendor/share/gz:/opt/ros/jazzy/opt/gz_rendering_vendor/share/gz:/opt/ros/jazzy/opt/gz_plugin_vendor/share/gz:/opt/ros/jazzy/opt/gz_fuel_tools_vendor/share/gz:/opt/ros/jazzy/opt/gz_msgs_vendor/share/gz:/opt/ros/jazzy/opt/gz_common_vendor/share/gz', 'XDG_SESSION_TYPE': 'x11', 'CLUTTER_DISABLE_MIPMAPPED_TEXT': '1', 'SHLVL': '1', 'LD_LIBRARY_PATH': '/home/student48/ros2_tutorial_workspace/install/package_with_interfaces/lib:/opt/ros/jazzy/opt/gz_sim_vendor/lib:/opt/ros/jazzy/opt/gz_sensors_vendor/lib:/opt/ros/jazzy/opt/gz_physics_vendor/lib:/opt/ros/jazzy/opt/sdformat_vendor/lib:/opt/ros/jazzy/opt/rviz_ogre_vendor/lib:/opt/ros/jazzy/lib/x86_64-linux-gnu:/opt/ros/jazzy/opt/gz_gui_vendor/lib:/opt/ros/jazzy/opt/gz_transport_vendor/lib:/opt/ros/jazzy/opt/gz_rendering_vendor/lib:/opt/ros/jazzy/opt/gz_plugin_vendor/lib:/opt/ros/jazzy/opt/gz_fuel_tools_vendor/lib:/opt/ros/jazzy/opt/gz_msgs_vendor/lib:/opt/ros/jazzy/opt/gz_common_vendor/lib:/opt/ros/jazzy/opt/gz_math_vendor/lib:/opt/ros/jazzy/opt/gz_utils_vendor/lib:/opt/ros/jazzy/opt/gz_tools_vendor/lib:/opt/ros/jazzy/opt/gz_ogre_next_vendor/lib:/opt/ros/jazzy/opt/gz_dartsim_vendor/lib:/opt/ros/jazzy/opt/gz_cmake_vendor/lib:/opt/ros/jazzy/lib', 'HOME': '/home/student48', 'OLDPWD': '/home/student48/assessments/coursework2/src', 'DESKTOP_SESSION': 'ubuntu', 'GIO_LAUNCHED_DESKTOP_FILE': '/usr/share/applications/terminator.desktop', 'ROS_PYTHON_VERSION': '3', 'GNOME_SHELL_SESSION_MODE': 'ubuntu', 'GTK_MODULES': 'gail:atk-bridge', 'MANAGERPID': '3536', 'SYSTEMD_EXEC_PID': '4069', 'GSM_SKIP_SSH_AGENT_WORKAROUND': 'true', 'DBUS_SESSION_BUS_ADDRESS': 'unix:path=/run/user/1001/bus', 'COLORTERM': 'truecolor', 'TERMINATOR_DBUS_NAME': 'net.tenshu.Terminator23558193cd9818af7fe4d2c2f5bd9d00f', 'GIO_LAUNCHED_DESKTOP_FILE_PID': '473322', 'DEBUGINFOD_URLS': 'https://debuginfod.ubuntu.com', 'COLCON_PREFIX_PATH': '/home/student48/ros2_tutorial_workspace/install:/home/student48/assessments/week4/src/install', 'ROS_DISTRO': 'jazzy', 'LOGNAME': 'student48', 'JOURNAL_STREAM': '9:28955', '_': '/usr/bin/colcon', 'ROS_VERSION': '2', 'MEMORY_PRESSURE_WATCH': '/sys/fs/cgroup/user.slice/user-1001.slice/user@1001.service/session.slice/org.gnome.Shell@x11.service/memory.pressure', 'XDG_SESSION_CLASS': 'user', 'USERNAME': 'student48', 'TERM': 'xterm-256color', 'GNOME_DESKTOP_SESSION_ID': 'this-is-deprecated', 'WINDOWPATH': '2', 'PATH': '/opt/ros/jazzy/opt/gz_msgs_vendor/bin:/opt/ros/jazzy/opt/gz_tools_vendor/bin:/opt/ros/jazzy/opt/gz_ogre_next_vendor/bin:/opt/ros/jazzy/bin:/home/student48/.local/bin:/usr/local/sbin:/usr/local/bin:/usr/sbin:/usr/bin:/sbin:/bin:/usr/games:/usr/local/games:/snap/bin:/snap/bin', 'SESSION_MANAGER': 'local/e-24ul523g78z:@/tmp/.ICE-unix/4020,unix/e-24ul523g78z:/tmp/.ICE-unix/4020', 'INVOCATION_ID': 'cfe83700b9474ddbb7229b43a557dcb5', 'XDG_MENU_PREFIX': 'gnome-', 'XDG_RUNTIME_DIR': '/run/user/1001', 'DISPLAY': ':1', 'TERMINATOR_DBUS_PATH': '/net/tenshu/Terminator2', 'LANG': 'en_GB.UTF-8', 'XDG_CURRENT_DESKTOP': 'ubuntu:GNOME', 'XMODIFIERS': '@im=ibus', 'XDG_SESSION_DESKTOP': 'ubuntu', 'XAUTHORITY': '/run/user/1001/gdm/Xauthority', 'LS_COLORS': 'rs=0:di=01;34:ln=01;36:mh=00:pi=40;33:so=01;35:do=01;35:bd=40;33;01:cd=40;33;01:or=40;31;01:mi=00:su=37;41:sg=30;43:ca=00:tw=30;42:ow=34;42:st=37;44:ex=01;32:*.tar=01;31:*.tgz=01;31:*.arc=01;31:*.arj=01;31:*.taz=01;31:*.lha=01;31:*.lz4=01;31:*.lzh=01;31:*.lzma=01;31:*.tlz=01;31:*.txz=01;31:*.tzo=01;31:*.t7z=01;31:*.zip=01;31:*.z=01;31:*.dz=01;31:*.gz=01;31:*.lrz=01;31:*.lz=01;31:*.lzo=01;31:*.xz=01;31:*.zst=01;31:*.tzst=01;31:*.bz2=01;31:*.bz=01;31:*.tbz=01;31:*.tbz2=01;31:*.tz=01;31:*.deb=01;31:*.rpm=01;31:*.jar=01;31:*.war=01;31:*.ear=01;31:*.sar=01;31:*.rar=01;31:*.alz=01;31:*.ace=01;31:*.zoo=01;31:*.cpio=01;31:*.7z=01;31:*.rz=01;31:*.cab=01;31:*.wim=01;31:*.swm=01;31:*.dwm=01;31:*.esd=01;31:*.avif=01;35:*.jpg=01;35:*.jpeg=01;35:*.mjpg=01;35:*.mjpeg=01;35:*.gif=01;35:*.bmp=01;35:*.pbm=01;35:*.pgm=01;35:*.ppm=01;35:*.tga=01;35:*.xbm=01;35:*.xpm=01;35:*.tif=01;35:*.tiff=01;35:*.png=01;35:*.svg=01;35:*.svgz=01;35:*.mng=01;35:*.pcx=01;35:*.mov=01;35:*.mpg=01;35:*.mpeg=01;35:*.m2v=01;35:*.mkv=01;35:*.webm=01;35:*.webp=01;35:*.ogm=01;35:*.mp4=01;35:*.m4v=01;35:*.mp4v=01;35:*.vob=01;35:*.qt=01;35:*.nuv=01;35:*.wmv=01;35:*.asf=01;35:*.rm=01;35:*.rmvb=01;35:*.flc=01;35:*.avi=01;35:*.fli=01;35:*.flv=01;35:*.gl=01;35:*.dl=01;35:*.xcf=01;35:*.xwd=01;35:*.yuv=01;35:*.cgm=01;35:*.emf=01;35:*.ogv=01;35:*.ogx=01;35:*.aac=00;36:*.au=00;36:*.flac=00;36:*.m4a=00;36:*.mid=00;36:*.midi=00;36:*.mka=00;36:*.mp3=00;36:*.mpc=00;36:*.ogg=00;36:*.ra=00;36:*.wav=00;36:*.oga=00;36:*.opus=00;36:*.spx=00;36:*.xspf=00;36:*~=00;90:*#=00;90:*.bak=00;90:*.crdownload=00;90:*.dpkg-dist=00;90:*.dpkg-new=00;90:*.dpkg-old=00;90:*.dpkg-tmp=00;90:*.old=00;90:*.orig=00;90:*.part=00;90:*.rej=00;90:*.rpmnew=00;90:*.rpmorig=00;90:*.rpmsave=00;90:*.swp=00;90:*.tmp=00;90:*.ucf-dist=00;90:*.ucf-new=00;90:*.ucf-old=00;90:', 'SSH_AUTH_SOCK': '/run/user/1001/keyring/ssh', 'AMENT_PREFIX_PATH': '/home/student48/ros2_tutorial_workspace/install/the_simplest_python_packagee:/home/student48/ros2_tutorial_workspace/install/the_simplest_python_package:/home/student48/ros2_tutorial_workspace/install/python_package_with_a_node:/home/student48/ros2_tutorial_workspace/install/python_package_that_uses_the_library:/home/student48/ros2_tutorial_workspace/install/python_package_with_a_library:/home/student48/ros2_tutorial_workspace/install/python_package_that_uses_the_services:/home/student48/ros2_tutorial_workspace/install/python_package_that_uses_the_messages:/home/student48/ros2_tutorial_workspace/install/python_package_that_uses_the_actions:/home/student48/ros2_tutorial_workspace/install/python_package_that_uses_tf2:/home/student48/ros2_tutorial_workspace/install/python_package_that_uses_parameters_and_launch_files:/home/student48/ros2_tutorial_workspace/install/python_package_that_uses_nav2:/home/student48/ros2_tutorial_workspace/install/python_package_that_uses_geometry_msgs:/home/student48/ros2_tutorial_workspace/install/python_package_that_uses_gazebo:/home/student48/ros2_tutorial_workspace/install/package_with_interfaces:/home/student48/ros2_tutorial_workspace/install/my_package:/home/student48/ros2_tutorial_workspace/install/custom_tf_package:/home/student48/ros2_tutorial_workspace/install/custom_tf_broadcaster_package:/home/student48/ros2_tutorial_workspace/install/custom_subscriber_package:/home/student48/ros2_tutorial_workspace/install/custom_server_package:/home/student48/ros2_tutorial_workspace/install/custom_publisher_package:/home/student48/ros2_tutorial_workspace/install/custom_package_with_node:/home/student48/ros2_tutorial_workspace/install/custom_package_with_library:/home/student48/ros2_tutorial_workspace/install/custom_client_package:/home/student48/ros2_tutorial_workspace/install/custom_action_server_package:/home/student48/ros2_tutorial_workspace/install/custom_action_client_package:/home/student48/ros2_tutorial_workspace/install/another_package:/home/student48/assessments/week4/src/install/volkswagen:/home/student48/assessments/week4/src/install/building:/opt/ros/jazzy', 'SHELL': '/bin/bash', 'TERMINATOR_UUID': 'urn:uuid:d2f7d3f1-2b70-449f-9d37-e4e4965f3838', 'QT_ACCESSIBILITY': '1', 'GDMSESSION': 'ubuntu', 'LESSCLOSE': '/usr/bin/lesspipe %s %s', 'GPG_AGENT_INFO': '/run/user/1001/gnupg/S.gpg-agent:0:1', 'GJS_DEBUG_OUTPUT': 'stderr', 'ROS_AUTOMATIC_DISCOVERY_RANGE': 'SUBNET', 'QT_IM_MODULE': 'ibus', 'PWD': '/home/student48/assessments/coursework2/build/gamma_system_bridge_pkg', 'XDG_CONFIG_DIRS': '/etc/xdg/xdg-ubuntu:/etc/xdg', 'XDG_DATA_DIRS': '/usr/share/ubuntu:/usr/share/gnome:/usr/local/share/:/usr/share/:/var/lib/snapd/desktop', 'PYTHONPATH': '/home/student48/assessments/coursework2/build/gamma_system_bridge_pkg/prefix_override:/usr/lib/python3/dist-packages/colcon_core/task/python/colcon_distutils_commands:/home/student48/assessments/coursework2/install/gamma_system_bridge_pkg/lib/python3.12/site-packages:/home/student48/ros2_tutorial_workspace/install/the_simplest_python_packagee/lib/python3.12/site-packages:/home/student48/ros2_tutorial_workspace/install/the_simplest_python_package/lib/python3.12/site-packages:/home/student48/ros2_tutorial_workspace/install/python_package_with_a_node/lib/python3.12/site-packages:/home/student48/ros2_tutorial_workspace/install/python_package_that_uses_the_library/lib/python3.12/site-packages:/home/student48/ros2_tutorial_workspace/install/python_package_with_a_library/lib/python3.12/site-packages:/home/student48/ros2_tutorial_workspace/install/python_package_that_uses_the_services/lib/python3.12/site-packages:/home/student48/ros2_tutorial_workspace/install/python_package_that_uses_the_messages/lib/python3.12/site-packages:/home/student48/ros2_tutorial_workspace/install/python_package_that_uses_the_actions/lib/python3.12/site-packages:/home/student48/ros2_tutorial_workspace/install/python_package_that_uses_tf2/lib/python3.12/site-packages:/home/student48/ros2_tutorial_workspace/install/python_package_that_uses_parameters_and_launch_files/lib/python3.12/site-packages:/home/student48/ros2_tutorial_workspace/install/python_package_that_uses_nav2/lib/python3.12/site-packages:/home/student48/ros2_tutorial_workspace/install/python_package_that_uses_geometry_msgs/lib/python3.12/site-packages:/home/student48/ros2_tutorial_workspace/install/python_package_that_uses_gazebo/lib/python3.12/site-packages:/home/student48/ros2_tutorial_workspace/install/package_with_interfaces/lib/python3.12/site-packages:/home/student48/ros2_tutorial_workspace/install/my_package/lib/python3.12/site-packages:/home/student48/ros2_tutorial_workspace/install/custom_tf_package/lib/python3.12/site-packages:/home/student48/ros2_tutorial_workspace/install/custom_tf_broadcaster_package/lib/python3.12/site-packages:/home/student48/ros2_tutorial_workspace/install/custom_subscriber_package/lib/python3.12/site-packages:/home/student48/ros2_tutorial_workspace/install/custom_server_package/lib/python3.12/site-packages:/home/student48/ros2_tutorial_workspace/install/custom_publisher_package/lib/python3.12/site-packages:/home/student48/ros2_tutorial_workspace/install/custom_package_with_node/lib/python3.12/site-packages:/home/student48/ros2_tutorial_workspace/install/custom_package_with_library/lib/python3.12/site-packages:/home/student48/ros2_tutorial_workspace/install/custom_client_package/lib/python3.12/site-packages:/home/student48/ros2_tutorial_workspace/install/custom_action_server_package/lib/python3.12/site-packages:/home/student48/ros2_tutorial_workspace/install/custom_action_client_package/lib/python3.12/site-packages:/home/student48/ros2_tutorial_workspace/install/another_package/lib/python3.12/site-packages:/home/student48/assessments/week4/src/install/volkswagen/lib/python3.12/site-packages:/home/student48/assessments/week4/src/install/building/lib/python3.12/site-packages:/opt/ros/jazzy/lib/python3.12/site-packages', 'COLCON': '1', 'MEMORY_PRESSURE_WRITE': 'c29tZSAyMDAwMDAgMjAwMDAwMAA=', 'VTE_VERSION': '7600', 'CMAKE_PREFIX_PATH': '/home/student48/ros2_tutorial_workspace/install/package_with_interfaces:/opt/ros/jazzy/opt/gz_sim_vendor:/opt/ros/jazzy/opt/gz_sensors_vendor:/opt/ros/jazzy/opt/gz_physics_vendor:/opt/ros/jazzy/opt/sdformat_vendor:/opt/ros/jazzy/opt/gz_gui_vendor:/opt/ros/jazzy/opt/gz_transport_vendor:/opt/ros/jazzy/opt/gz_rendering_vendor:/opt/ros/jazzy/opt/gz_plugin_vendor:/opt/ros/jazzy/opt/gz_fuel_tools_vendor:/opt/ros/jazzy/opt/gz_msgs_vendor:/opt/ros/jazzy/opt/gz_common_vendor:/opt/ros/jazzy/opt/gz_math_vendor:/opt/ros/jazzy/opt/gz_utils_vendor:/opt/ros/jazzy/opt/gz_tools_vendor:/opt/ros/jazzy/opt/gz_ogre_next_vendor:/opt/ros/jazzy/opt/gz_dartsim_vendor:/opt/ros/jazzy/opt/gz_cmake_vendor'}, 'shell': False}
[2.624532] (-) TimerEvent: {}
[2.709753] (sfr_coursework2_interface_package) StdoutLine: {'line': b'-- Found geometry_msgs: 5.3.6 (/opt/ros/jazzy/share/geometry_msgs/cmake)\n'}
[2.724717] (-) TimerEvent: {}
[2.825402] (-) TimerEvent: {}
[2.925968] (-) TimerEvent: {}
[2.938083] (sfr_coursework2_interface_package) StdoutLine: {'line': b'-- Found rosidl_generator_c: 4.6.6 (/opt/ros/jazzy/share/rosidl_generator_c/cmake)\n'}
[2.981207] (sfr_coursework2_interface_package) StdoutLine: {'line': b'-- Found rosidl_generator_cpp: 4.6.6 (/opt/ros/jazzy/share/rosidl_generator_cpp/cmake)\n'}
[3.026243] (-) TimerEvent: {}
[3.069791] (sfr_coursework2_interface_package) StdoutLine: {'line': b'-- Using all available rosidl_typesupport_c: rosidl_typesupport_fastrtps_c;rosidl_typesupport_introspection_c\n'}
[3.126514] (-) TimerEvent: {}
[3.164760] (sfr_coursework2_interface_package) StdoutLine: {'line': b'-- Using all available rosidl_typesupport_cpp: rosidl_typesupport_fastrtps_cpp;rosidl_typesupport_introspection_cpp\n'}
[3.226653] (-) TimerEvent: {}
[3.289487] (gamma_system_bridge_pkg) StdoutLine: {'line': b'running egg_info\n'}
[3.289875] (gamma_system_bridge_pkg) StdoutLine: {'line': b'creating ../../build/gamma_system_bridge_pkg/gamma_system_bridge_pkg.egg-info\n'}
[3.326859] (-) TimerEvent: {}
[3.340265] (gamma_system_bridge_pkg) StdoutLine: {'line': b'writing ../../build/gamma_system_bridge_pkg/gamma_system_bridge_pkg.egg-info/PKG-INFO\n'}
[3.341089] (gamma_system_bridge_pkg) StdoutLine: {'line': b'writing dependency_links to ../../build/gamma_system_bridge_pkg/gamma_system_bridge_pkg.egg-info/dependency_links.txt\n'}
[3.342173] (gamma_system_bridge_pkg) StdoutLine: {'line': b'writing requirements to ../../build/gamma_system_bridge_pkg/gamma_system_bridge_pkg.egg-info/requires.txt\n'}
[3.342710] (gamma_system_bridge_pkg) StdoutLine: {'line': b'writing top-level names to ../../build/gamma_system_bridge_pkg/gamma_system_bridge_pkg.egg-info/top_level.txt\n'}
[3.343193] (gamma_system_bridge_pkg) StdoutLine: {'line': b"writing manifest file '../../build/gamma_system_bridge_pkg/gamma_system_bridge_pkg.egg-info/SOURCES.txt'\n"}
[3.365955] (sfr_coursework2_interface_package) StdoutLine: {'line': b'-- Found rosidl_default_generators: 1.6.0 (/opt/ros/jazzy/share/rosidl_default_generators/cmake)\n'}
[3.427006] (-) TimerEvent: {}
[3.459487] (gamma_system_bridge_pkg) StdoutLine: {'line': b"reading manifest file '../../build/gamma_system_bridge_pkg/gamma_system_bridge_pkg.egg-info/SOURCES.txt'\n"}
[3.460642] (gamma_system_bridge_pkg) StdoutLine: {'line': b"writing manifest file '../../build/gamma_system_bridge_pkg/gamma_system_bridge_pkg.egg-info/SOURCES.txt'\n"}
[3.461022] (gamma_system_bridge_pkg) StdoutLine: {'line': b'running build\n'}
[3.461363] (gamma_system_bridge_pkg) StdoutLine: {'line': b'running build_py\n'}
[3.461642] (gamma_system_bridge_pkg) StdoutLine: {'line': b'creating /home/student48/assessments/coursework2/build/gamma_system_bridge_pkg/build\n'}
[3.461849] (gamma_system_bridge_pkg) StdoutLine: {'line': b'creating /home/student48/assessments/coursework2/build/gamma_system_bridge_pkg/build/lib\n'}
[3.462045] (gamma_system_bridge_pkg) StdoutLine: {'line': b'creating /home/student48/assessments/coursework2/build/gamma_system_bridge_pkg/build/lib/gamma_system_bridge_pkg\n'}
[3.462305] (gamma_system_bridge_pkg) StdoutLine: {'line': b'copying gamma_system_bridge_pkg/__init__.py -> /home/student48/assessments/coursework2/build/gamma_system_bridge_pkg/build/lib/gamma_system_bridge_pkg\n'}
[3.462572] (gamma_system_bridge_pkg) StdoutLine: {'line': b'running install\n'}
[3.463332] (sfr_coursework2_interface_package) StdoutLine: {'line': b'-- Found rosidl_adapter: 4.6.6 (/opt/ros/jazzy/share/rosidl_adapter/cmake)\n'}
[3.471372] (gamma_system_bridge_pkg) StdoutLine: {'line': b'running install_lib\n'}
[3.527163] (-) TimerEvent: {}
[3.530320] (gamma_system_bridge_pkg) StdoutLine: {'line': b'creating /home/student48/assessments/coursework2/install/gamma_system_bridge_pkg/lib/python3.12/site-packages/gamma_system_bridge_pkg\n'}
[3.530916] (gamma_system_bridge_pkg) StdoutLine: {'line': b'copying /home/student48/assessments/coursework2/build/gamma_system_bridge_pkg/build/lib/gamma_system_bridge_pkg/__init__.py -> /home/student48/assessments/coursework2/install/gamma_system_bridge_pkg/lib/python3.12/site-packages/gamma_system_bridge_pkg\n'}
[3.532543] (gamma_system_bridge_pkg) StdoutLine: {'line': b'byte-compiling /home/student48/assessments/coursework2/install/gamma_system_bridge_pkg/lib/python3.12/site-packages/gamma_system_bridge_pkg/__init__.py to __init__.cpython-312.pyc\n'}
[3.533729] (gamma_system_bridge_pkg) StdoutLine: {'line': b'running install_data\n'}
[3.534877] (gamma_system_bridge_pkg) StdoutLine: {'line': b'creating /home/student48/assessments/coursework2/install/gamma_system_bridge_pkg/share/ament_index\n'}
[3.535546] (gamma_system_bridge_pkg) StdoutLine: {'line': b'creating /home/student48/assessments/coursework2/install/gamma_system_bridge_pkg/share/ament_index/resource_index\n'}
[3.535814] (gamma_system_bridge_pkg) StdoutLine: {'line': b'creating /home/student48/assessments/coursework2/install/gamma_system_bridge_pkg/share/ament_index/resource_index/packages\n'}
[3.536029] (gamma_system_bridge_pkg) StdoutLine: {'line': b'copying resource/gamma_system_bridge_pkg -> /home/student48/assessments/coursework2/install/gamma_system_bridge_pkg/share/ament_index/resource_index/packages\n'}
[3.536291] (gamma_system_bridge_pkg) StdoutLine: {'line': b'copying package.xml -> /home/student48/assessments/coursework2/install/gamma_system_bridge_pkg/share/gamma_system_bridge_pkg\n'}
[3.536515] (gamma_system_bridge_pkg) StdoutLine: {'line': b'creating /home/student48/assessments/coursework2/install/gamma_system_bridge_pkg/share/gamma_system_bridge_pkg/launch\n'}
[3.536732] (gamma_system_bridge_pkg) StdoutLine: {'line': b'copying launch/gamma_system_bridge_launch.py -> /home/student48/assessments/coursework2/install/gamma_system_bridge_pkg/share/gamma_system_bridge_pkg/launch\n'}
[3.536936] (gamma_system_bridge_pkg) StdoutLine: {'line': b'creating /home/student48/assessments/coursework2/install/gamma_system_bridge_pkg/share/gamma_system_bridge_pkg/config_bridge\n'}
[3.537179] (gamma_system_bridge_pkg) StdoutLine: {'line': b'copying config_bridge/control_shape_thrust.yaml -> /home/student48/assessments/coursework2/install/gamma_system_bridge_pkg/share/gamma_system_bridge_pkg/config_bridge\n'}
[3.537438] (gamma_system_bridge_pkg) StdoutLine: {'line': b'copying config_bridge/bridge_config.yaml -> /home/student48/assessments/coursework2/install/gamma_system_bridge_pkg/share/gamma_system_bridge_pkg/config_bridge\n'}
[3.537652] (gamma_system_bridge_pkg) StdoutLine: {'line': b'running install_egg_info\n'}
[3.577115] (gamma_system_bridge_pkg) StdoutLine: {'line': b'Copying ../../build/gamma_system_bridge_pkg/gamma_system_bridge_pkg.egg-info to /home/student48/assessments/coursework2/install/gamma_system_bridge_pkg/lib/python3.12/site-packages/gamma_system_bridge_pkg-0.0.0-py3.12.egg-info\n'}
[3.579184] (gamma_system_bridge_pkg) StdoutLine: {'line': b'running install_scripts\n'}
[3.627330] (-) TimerEvent: {}
[3.728013] (-) TimerEvent: {}
[3.828560] (-) TimerEvent: {}
[3.929358] (-) TimerEvent: {}
[4.029875] (-) TimerEvent: {}
[4.130638] (-) TimerEvent: {}
[4.144448] (gamma_system_bridge_pkg) StdoutLine: {'line': b"writing list of installed files to '/home/student48/assessments/coursework2/build/gamma_system_bridge_pkg/install.log'\n"}
[4.219918] (gamma_system_bridge_pkg) CommandEnded: {'returncode': 0}
[4.230810] (-) TimerEvent: {}
[4.254290] (gamma_system_bridge_pkg) JobEnded: {'identifier': 'gamma_system_bridge_pkg', 'rc': 0}
[4.331054] (-) TimerEvent: {}
[4.431482] (-) TimerEvent: {}
[4.531848] (-) TimerEvent: {}
[4.632354] (-) TimerEvent: {}
[4.732859] (-) TimerEvent: {}
[4.833564] (-) TimerEvent: {}
[4.934294] (-) TimerEvent: {}
[5.034799] (-) TimerEvent: {}
[5.135330] (-) TimerEvent: {}
[5.235704] (-) TimerEvent: {}
[5.280708] (sfr_coursework2_interface_package) StdoutLine: {'line': b'-- Found ament_cmake_ros: 0.12.0 (/opt/ros/jazzy/share/ament_cmake_ros/cmake)\n'}
[5.335868] (-) TimerEvent: {}
[5.436397] (-) TimerEvent: {}
[5.536941] (-) TimerEvent: {}
[5.637429] (-) TimerEvent: {}
[5.737860] (-) TimerEvent: {}
[5.838646] (-) TimerEvent: {}
[5.939359] (-) TimerEvent: {}
[6.039891] (-) TimerEvent: {}
[6.140465] (-) TimerEvent: {}
[6.240995] (-) TimerEvent: {}
[6.341578] (-) TimerEvent: {}
[6.442106] (-) TimerEvent: {}
[6.542713] (-) TimerEvent: {}
[6.643098] (-) TimerEvent: {}
[6.743934] (-) TimerEvent: {}
[6.844266] (-) TimerEvent: {}
[6.944751] (-) TimerEvent: {}
[7.045426] (-) TimerEvent: {}
[7.145752] (-) TimerEvent: {}
[7.246175] (-) TimerEvent: {}
[7.346543] (-) TimerEvent: {}
[7.353842] (sfr_coursework2_interface_package) StdoutLine: {'line': b'-- Using all available rosidl_typesupport_c: rosidl_typesupport_fastrtps_c;rosidl_typesupport_introspection_c\n'}
[7.446703] (-) TimerEvent: {}
[7.547005] (-) TimerEvent: {}
[7.647338] (-) TimerEvent: {}
[7.747635] (-) TimerEvent: {}
[7.847869] (-) TimerEvent: {}
[7.948266] (-) TimerEvent: {}
[8.048593] (-) TimerEvent: {}
[8.148901] (-) TimerEvent: {}
[8.159504] (sfr_coursework2_interface_package) StdoutLine: {'line': b'-- Using all available rosidl_typesupport_cpp: rosidl_typesupport_fastrtps_cpp;rosidl_typesupport_introspection_cpp\n'}
[8.171804] (sfr_coursework2_interface_package) StdoutLine: {'line': b'-- Found python_cmake_module: 0.11.1 (/opt/ros/jazzy/share/python_cmake_module/cmake)\n'}
[8.249283] (-) TimerEvent: {}
[8.349737] (-) TimerEvent: {}
[8.450200] (-) TimerEvent: {}
[8.515591] (sfr_coursework2_interface_package) StdoutLine: {'line': b'-- Found PythonExtra: /usr/bin/python3  \n'}
[8.550377] (-) TimerEvent: {}
[8.651025] (-) TimerEvent: {}
[8.751659] (-) TimerEvent: {}
[8.852155] (-) TimerEvent: {}
[8.952668] (-) TimerEvent: {}
[9.053316] (-) TimerEvent: {}
[9.154163] (-) TimerEvent: {}
[9.255435] (-) TimerEvent: {}
[9.356091] (-) TimerEvent: {}
[9.457352] (-) TimerEvent: {}
[9.533668] (sfr_coursework2_interface_package) StdoutLine: {'line': b'-- Found Python3: /usr/bin/python3 (found version "3.12.3") found components: Interpreter Development NumPy Development.Module Development.Embed \n'}
[9.557565] (-) TimerEvent: {}
[9.658023] (-) TimerEvent: {}
[9.700060] (sfr_coursework2_interface_package) StdoutLine: {'line': b'-- Found ament_lint_auto: 0.17.3 (/opt/ros/jazzy/share/ament_lint_auto/cmake)\n'}
[9.758211] (-) TimerEvent: {}
[9.800833] (sfr_coursework2_interface_package) StdoutLine: {'line': b"-- Added test 'lint_cmake' to check CMake code style\n"}
[9.807990] (sfr_coursework2_interface_package) StdoutLine: {'line': b"-- Added test 'xmllint' to check XML markup files\n"}
[9.821856] (sfr_coursework2_interface_package) StdoutLine: {'line': b'-- Configuring done (9.2s)\n'}
[9.858415] (-) TimerEvent: {}
[9.878689] (sfr_coursework2_interface_package) StdoutLine: {'line': b'-- Generating done (0.0s)\n'}
[9.899335] (sfr_coursework2_interface_package) StdoutLine: {'line': b'-- Build files have been written to: /home/student48/assessments/coursework2/build/sfr_coursework2_interface_package\n'}
[9.926316] (sfr_coursework2_interface_package) CommandEnded: {'returncode': 0}
[9.927015] (sfr_coursework2_interface_package) JobProgress: {'identifier': 'sfr_coursework2_interface_package', 'progress': 'build'}
[9.928124] (sfr_coursework2_interface_package) Command: {'cmd': ['/usr/bin/cmake', '--build', '/home/student48/assessments/coursework2/build/sfr_coursework2_interface_package', '--', '-j12', '-l12'], 'cwd': '/home/student48/assessments/coursework2/build/sfr_coursework2_interface_package', 'env': OrderedDict({'GJS_DEBUG_TOPICS': 'JS ERROR;JS LOG', 'XDG_ACTIVATION_TOKEN': 'gnome-shell/Terminator/4069-24-e-24ul523g78z_TIME22855698', 'LESSOPEN': '| /usr/bin/lesspipe %s', 'GZ_SIM_RESOURCE_PATH': '/opt/ros/jazzy/share', 'USER': 'student48', 'GZ_CONFIG_PATH': '/opt/ros/jazzy/opt/gz_sim_vendor/share/gz:/opt/ros/jazzy/opt/sdformat_vendor/share/gz:/opt/ros/jazzy/opt/gz_gui_vendor/share/gz:/opt/ros/jazzy/opt/gz_transport_vendor/share/gz:/opt/ros/jazzy/opt/gz_rendering_vendor/share/gz:/opt/ros/jazzy/opt/gz_plugin_vendor/share/gz:/opt/ros/jazzy/opt/gz_fuel_tools_vendor/share/gz:/opt/ros/jazzy/opt/gz_msgs_vendor/share/gz:/opt/ros/jazzy/opt/gz_common_vendor/share/gz', 'XDG_SESSION_TYPE': 'x11', 'CLUTTER_DISABLE_MIPMAPPED_TEXT': '1', 'SHLVL': '1', 'LD_LIBRARY_PATH': '/home/student48/ros2_tutorial_workspace/install/package_with_interfaces/lib:/opt/ros/jazzy/opt/gz_sim_vendor/lib:/opt/ros/jazzy/opt/gz_sensors_vendor/lib:/opt/ros/jazzy/opt/gz_physics_vendor/lib:/opt/ros/jazzy/opt/sdformat_vendor/lib:/opt/ros/jazzy/opt/rviz_ogre_vendor/lib:/opt/ros/jazzy/lib/x86_64-linux-gnu:/opt/ros/jazzy/opt/gz_gui_vendor/lib:/opt/ros/jazzy/opt/gz_transport_vendor/lib:/opt/ros/jazzy/opt/gz_rendering_vendor/lib:/opt/ros/jazzy/opt/gz_plugin_vendor/lib:/opt/ros/jazzy/opt/gz_fuel_tools_vendor/lib:/opt/ros/jazzy/opt/gz_msgs_vendor/lib:/opt/ros/jazzy/opt/gz_common_vendor/lib:/opt/ros/jazzy/opt/gz_math_vendor/lib:/opt/ros/jazzy/opt/gz_utils_vendor/lib:/opt/ros/jazzy/opt/gz_tools_vendor/lib:/opt/ros/jazzy/opt/gz_ogre_next_vendor/lib:/opt/ros/jazzy/opt/gz_dartsim_vendor/lib:/opt/ros/jazzy/opt/gz_cmake_vendor/lib:/opt/ros/jazzy/lib', 'HOME': '/home/student48', 'OLDPWD': '/home/student48/assessments/coursework2/src', 'DESKTOP_SESSION': 'ubuntu', 'GIO_LAUNCHED_DESKTOP_FILE': '/usr/share/applications/terminator.desktop', 'ROS_PYTHON_VERSION': '3', 'GNOME_SHELL_SESSION_MODE': 'ubuntu', 'GTK_MODULES': 'gail:atk-bridge', 'MANAGERPID': '3536', 'SYSTEMD_EXEC_PID': '4069', 'GSM_SKIP_SSH_AGENT_WORKAROUND': 'true', 'DBUS_SESSION_BUS_ADDRESS': 'unix:path=/run/user/1001/bus', 'COLORTERM': 'truecolor', 'TERMINATOR_DBUS_NAME': 'net.tenshu.Terminator23558193cd9818af7fe4d2c2f5bd9d00f', 'GIO_LAUNCHED_DESKTOP_FILE_PID': '473322', 'DEBUGINFOD_URLS': 'https://debuginfod.ubuntu.com', 'COLCON_PREFIX_PATH': '/home/student48/ros2_tutorial_workspace/install:/home/student48/assessments/week4/src/install', 'ROS_DISTRO': 'jazzy', 'LOGNAME': 'student48', 'JOURNAL_STREAM': '9:28955', '_': '/usr/bin/colcon', 'ROS_VERSION': '2', 'MEMORY_PRESSURE_WATCH': '/sys/fs/cgroup/user.slice/user-1001.slice/user@1001.service/session.slice/org.gnome.Shell@x11.service/memory.pressure', 'XDG_SESSION_CLASS': 'user', 'USERNAME': 'student48', 'TERM': 'xterm-256color', 'GNOME_DESKTOP_SESSION_ID': 'this-is-deprecated', 'WINDOWPATH': '2', 'PATH': '/opt/ros/jazzy/opt/gz_msgs_vendor/bin:/opt/ros/jazzy/opt/gz_tools_vendor/bin:/opt/ros/jazzy/opt/gz_ogre_next_vendor/bin:/opt/ros/jazzy/bin:/home/student48/.local/bin:/usr/local/sbin:/usr/local/bin:/usr/sbin:/usr/bin:/sbin:/bin:/usr/games:/usr/local/games:/snap/bin:/snap/bin', 'SESSION_MANAGER': 'local/e-24ul523g78z:@/tmp/.ICE-unix/4020,unix/e-24ul523g78z:/tmp/.ICE-unix/4020', 'INVOCATION_ID': 'cfe83700b9474ddbb7229b43a557dcb5', 'XDG_MENU_PREFIX': 'gnome-', 'XDG_RUNTIME_DIR': '/run/user/1001', 'DISPLAY': ':1', 'TERMINATOR_DBUS_PATH': '/net/tenshu/Terminator2', 'LANG': 'en_GB.UTF-8', 'XDG_CURRENT_DESKTOP': 'ubuntu:GNOME', 'XMODIFIERS': '@im=ibus', 'XDG_SESSION_DESKTOP': 'ubuntu', 'XAUTHORITY': '/run/user/1001/gdm/Xauthority', 'LS_COLORS': 'rs=0:di=01;34:ln=01;36:mh=00:pi=40;33:so=01;35:do=01;35:bd=40;33;01:cd=40;33;01:or=40;31;01:mi=00:su=37;41:sg=30;43:ca=00:tw=30;42:ow=34;42:st=37;44:ex=01;32:*.tar=01;31:*.tgz=01;31:*.arc=01;31:*.arj=01;31:*.taz=01;31:*.lha=01;31:*.lz4=01;31:*.lzh=01;31:*.lzma=01;31:*.tlz=01;31:*.txz=01;31:*.tzo=01;31:*.t7z=01;31:*.zip=01;31:*.z=01;31:*.dz=01;31:*.gz=01;31:*.lrz=01;31:*.lz=01;31:*.lzo=01;31:*.xz=01;31:*.zst=01;31:*.tzst=01;31:*.bz2=01;31:*.bz=01;31:*.tbz=01;31:*.tbz2=01;31:*.tz=01;31:*.deb=01;31:*.rpm=01;31:*.jar=01;31:*.war=01;31:*.ear=01;31:*.sar=01;31:*.rar=01;31:*.alz=01;31:*.ace=01;31:*.zoo=01;31:*.cpio=01;31:*.7z=01;31:*.rz=01;31:*.cab=01;31:*.wim=01;31:*.swm=01;31:*.dwm=01;31:*.esd=01;31:*.avif=01;35:*.jpg=01;35:*.jpeg=01;35:*.mjpg=01;35:*.mjpeg=01;35:*.gif=01;35:*.bmp=01;35:*.pbm=01;35:*.pgm=01;35:*.ppm=01;35:*.tga=01;35:*.xbm=01;35:*.xpm=01;35:*.tif=01;35:*.tiff=01;35:*.png=01;35:*.svg=01;35:*.svgz=01;35:*.mng=01;35:*.pcx=01;35:*.mov=01;35:*.mpg=01;35:*.mpeg=01;35:*.m2v=01;35:*.mkv=01;35:*.webm=01;35:*.webp=01;35:*.ogm=01;35:*.mp4=01;35:*.m4v=01;35:*.mp4v=01;35:*.vob=01;35:*.qt=01;35:*.nuv=01;35:*.wmv=01;35:*.asf=01;35:*.rm=01;35:*.rmvb=01;35:*.flc=01;35:*.avi=01;35:*.fli=01;35:*.flv=01;35:*.gl=01;35:*.dl=01;35:*.xcf=01;35:*.xwd=01;35:*.yuv=01;35:*.cgm=01;35:*.emf=01;35:*.ogv=01;35:*.ogx=01;35:*.aac=00;36:*.au=00;36:*.flac=00;36:*.m4a=00;36:*.mid=00;36:*.midi=00;36:*.mka=00;36:*.mp3=00;36:*.mpc=00;36:*.ogg=00;36:*.ra=00;36:*.wav=00;36:*.oga=00;36:*.opus=00;36:*.spx=00;36:*.xspf=00;36:*~=00;90:*#=00;90:*.bak=00;90:*.crdownload=00;90:*.dpkg-dist=00;90:*.dpkg-new=00;90:*.dpkg-old=00;90:*.dpkg-tmp=00;90:*.old=00;90:*.orig=00;90:*.part=00;90:*.rej=00;90:*.rpmnew=00;90:*.rpmorig=00;90:*.rpmsave=00;90:*.swp=00;90:*.tmp=00;90:*.ucf-dist=00;90:*.ucf-new=00;90:*.ucf-old=00;90:', 'SSH_AUTH_SOCK': '/run/user/1001/keyring/ssh', 'AMENT_PREFIX_PATH': '/home/student48/ros2_tutorial_workspace/install/the_simplest_python_packagee:/home/student48/ros2_tutorial_workspace/install/the_simplest_python_package:/home/student48/ros2_tutorial_workspace/install/python_package_with_a_node:/home/student48/ros2_tutorial_workspace/install/python_package_that_uses_the_library:/home/student48/ros2_tutorial_workspace/install/python_package_with_a_library:/home/student48/ros2_tutorial_workspace/install/python_package_that_uses_the_services:/home/student48/ros2_tutorial_workspace/install/python_package_that_uses_the_messages:/home/student48/ros2_tutorial_workspace/install/python_package_that_uses_the_actions:/home/student48/ros2_tutorial_workspace/install/python_package_that_uses_tf2:/home/student48/ros2_tutorial_workspace/install/python_package_that_uses_parameters_and_launch_files:/home/student48/ros2_tutorial_workspace/install/python_package_that_uses_nav2:/home/student48/ros2_tutorial_workspace/install/python_package_that_uses_geometry_msgs:/home/student48/ros2_tutorial_workspace/install/python_package_that_uses_gazebo:/home/student48/ros2_tutorial_workspace/install/package_with_interfaces:/home/student48/ros2_tutorial_workspace/install/my_package:/home/student48/ros2_tutorial_workspace/install/custom_tf_package:/home/student48/ros2_tutorial_workspace/install/custom_tf_broadcaster_package:/home/student48/ros2_tutorial_workspace/install/custom_subscriber_package:/home/student48/ros2_tutorial_workspace/install/custom_server_package:/home/student48/ros2_tutorial_workspace/install/custom_publisher_package:/home/student48/ros2_tutorial_workspace/install/custom_package_with_node:/home/student48/ros2_tutorial_workspace/install/custom_package_with_library:/home/student48/ros2_tutorial_workspace/install/custom_client_package:/home/student48/ros2_tutorial_workspace/install/custom_action_server_package:/home/student48/ros2_tutorial_workspace/install/custom_action_client_package:/home/student48/ros2_tutorial_workspace/install/another_package:/home/student48/assessments/week4/src/install/volkswagen:/home/student48/assessments/week4/src/install/building:/opt/ros/jazzy', 'SHELL': '/bin/bash', 'TERMINATOR_UUID': 'urn:uuid:d2f7d3f1-2b70-449f-9d37-e4e4965f3838', 'QT_ACCESSIBILITY': '1', 'GDMSESSION': 'ubuntu', 'LESSCLOSE': '/usr/bin/lesspipe %s %s', 'GPG_AGENT_INFO': '/run/user/1001/gnupg/S.gpg-agent:0:1', 'GJS_DEBUG_OUTPUT': 'stderr', 'ROS_AUTOMATIC_DISCOVERY_RANGE': 'SUBNET', 'QT_IM_MODULE': 'ibus', 'PWD': '/home/student48/assessments/coursework2/build/sfr_coursework2_interface_package', 'XDG_CONFIG_DIRS': '/etc/xdg/xdg-ubuntu:/etc/xdg', 'XDG_DATA_DIRS': '/usr/share/ubuntu:/usr/share/gnome:/usr/local/share/:/usr/share/:/var/lib/snapd/desktop', 'PYTHONPATH': '/home/student48/ros2_tutorial_workspace/install/the_simplest_python_packagee/lib/python3.12/site-packages:/home/student48/ros2_tutorial_workspace/install/the_simplest_python_package/lib/python3.12/site-packages:/home/student48/ros2_tutorial_workspace/install/python_package_with_a_node/lib/python3.12/site-packages:/home/student48/ros2_tutorial_workspace/install/python_package_that_uses_the_library/lib/python3.12/site-packages:/home/student48/ros2_tutorial_workspace/install/python_package_with_a_library/lib/python3.12/site-packages:/home/student48/ros2_tutorial_workspace/install/python_package_that_uses_the_services/lib/python3.12/site-packages:/home/student48/ros2_tutorial_workspace/install/python_package_that_uses_the_messages/lib/python3.12/site-packages:/home/student48/ros2_tutorial_workspace/install/python_package_that_uses_the_actions/lib/python3.12/site-packages:/home/student48/ros2_tutorial_workspace/install/python_package_that_uses_tf2/lib/python3.12/site-packages:/home/student48/ros2_tutorial_workspace/install/python_package_that_uses_parameters_and_launch_files/lib/python3.12/site-packages:/home/student48/ros2_tutorial_workspace/install/python_package_that_uses_nav2/lib/python3.12/site-packages:/home/student48/ros2_tutorial_workspace/install/python_package_that_uses_geometry_msgs/lib/python3.12/site-packages:/home/student48/ros2_tutorial_workspace/install/python_package_that_uses_gazebo/lib/python3.12/site-packages:/home/student48/ros2_tutorial_workspace/install/package_with_interfaces/lib/python3.12/site-packages:/home/student48/ros2_tutorial_workspace/install/my_package/lib/python3.12/site-packages:/home/student48/ros2_tutorial_workspace/install/custom_tf_package/lib/python3.12/site-packages:/home/student48/ros2_tutorial_workspace/install/custom_tf_broadcaster_package/lib/python3.12/site-packages:/home/student48/ros2_tutorial_workspace/install/custom_subscriber_package/lib/python3.12/site-packages:/home/student48/ros2_tutorial_workspace/install/custom_server_package/lib/python3.12/site-packages:/home/student48/ros2_tutorial_workspace/install/custom_publisher_package/lib/python3.12/site-packages:/home/student48/ros2_tutorial_workspace/install/custom_package_with_node/lib/python3.12/site-packages:/home/student48/ros2_tutorial_workspace/install/custom_package_with_library/lib/python3.12/site-packages:/home/student48/ros2_tutorial_workspace/install/custom_client_package/lib/python3.12/site-packages:/home/student48/ros2_tutorial_workspace/install/custom_action_server_package/lib/python3.12/site-packages:/home/student48/ros2_tutorial_workspace/install/custom_action_client_package/lib/python3.12/site-packages:/home/student48/ros2_tutorial_workspace/install/another_package/lib/python3.12/site-packages:/home/student48/assessments/week4/src/install/volkswagen/lib/python3.12/site-packages:/home/student48/assessments/week4/src/install/building/lib/python3.12/site-packages:/opt/ros/jazzy/lib/python3.12/site-packages', 'COLCON': '1', 'MEMORY_PRESSURE_WRITE': 'c29tZSAyMDAwMDAgMjAwMDAwMAA=', 'VTE_VERSION': '7600', 'CMAKE_PREFIX_PATH': '/home/student48/ros2_tutorial_workspace/install/package_with_interfaces:/opt/ros/jazzy/opt/gz_sim_vendor:/opt/ros/jazzy/opt/gz_sensors_vendor:/opt/ros/jazzy/opt/gz_physics_vendor:/opt/ros/jazzy/opt/sdformat_vendor:/opt/ros/jazzy/opt/gz_gui_vendor:/opt/ros/jazzy/opt/gz_transport_vendor:/opt/ros/jazzy/opt/gz_rendering_vendor:/opt/ros/jazzy/opt/gz_plugin_vendor:/opt/ros/jazzy/opt/gz_fuel_tools_vendor:/opt/ros/jazzy/opt/gz_msgs_vendor:/opt/ros/jazzy/opt/gz_common_vendor:/opt/ros/jazzy/opt/gz_math_vendor:/opt/ros/jazzy/opt/gz_utils_vendor:/opt/ros/jazzy/opt/gz_tools_vendor:/opt/ros/jazzy/opt/gz_ogre_next_vendor:/opt/ros/jazzy/opt/gz_dartsim_vendor:/opt/ros/jazzy/opt/gz_cmake_vendor:/home/student48/ros2_tutorial_workspace/install/the_simplest_python_packagee:/home/student48/ros2_tutorial_workspace/install/the_simplest_python_package:/home/student48/ros2_tutorial_workspace/install/python_package_with_a_node:/home/student48/ros2_tutorial_workspace/install/python_package_that_uses_the_library:/home/student48/ros2_tutorial_workspace/install/python_package_with_a_library:/home/student48/ros2_tutorial_workspace/install/python_package_that_uses_the_services:/home/student48/ros2_tutorial_workspace/install/python_package_that_uses_the_messages:/home/student48/ros2_tutorial_workspace/install/python_package_that_uses_the_actions:/home/student48/ros2_tutorial_workspace/install/python_package_that_uses_tf2:/home/student48/ros2_tutorial_workspace/install/python_package_that_uses_parameters_and_launch_files:/home/student48/ros2_tutorial_workspace/install/python_package_that_uses_nav2:/home/student48/ros2_tutorial_workspace/install/python_package_that_uses_geometry_msgs:/home/student48/ros2_tutorial_workspace/install/python_package_that_uses_gazebo:/home/student48/ros2_tutorial_workspace/install/my_package:/home/student48/ros2_tutorial_workspace/install/custom_tf_package:/home/student48/ros2_tutorial_workspace/install/custom_tf_broadcaster_package:/home/student48/ros2_tutorial_workspace/install/custom_subscriber_package:/home/student48/ros2_tutorial_workspace/install/custom_server_package:/home/student48/ros2_tutorial_workspace/install/custom_publisher_package:/home/student48/ros2_tutorial_workspace/install/custom_package_with_node:/home/student48/ros2_tutorial_workspace/install/custom_package_with_library:/home/student48/ros2_tutorial_workspace/install/custom_client_package:/home/student48/ros2_tutorial_workspace/install/custom_action_server_package:/home/student48/ros2_tutorial_workspace/install/custom_action_client_package:/home/student48/ros2_tutorial_workspace/install/another_package:/home/student48/assessments/week4/src/install/volkswagen:/home/student48/assessments/week4/src/install/building:/opt/ros/jazzy'}), 'shell': False}
[9.958561] (-) TimerEvent: {}
[10.043096] (sfr_coursework2_interface_package) StdoutLine: {'line': b'[  2%] \x1b[34m\x1b[1mGenerating type hashes for ROS interfaces\x1b[0m\n'}
[10.058672] (-) TimerEvent: {}
[10.074925] (sfr_coursework2_interface_package) StdoutLine: {'line': b'[  2%] Built target ament_cmake_python_copy_sfr_coursework2_interface_package\n'}
[10.158817] (-) TimerEvent: {}
[10.259345] (-) TimerEvent: {}
[10.360044] (-) TimerEvent: {}
[10.460599] (-) TimerEvent: {}
[10.549623] (sfr_coursework2_interface_package) StdoutLine: {'line': b'[  2%] Built target sfr_coursework2_interface_package__rosidl_generator_type_description\n'}
[10.560751] (-) TimerEvent: {}
[10.581090] (sfr_coursework2_interface_package) StdoutLine: {'line': b'[  5%] \x1b[34m\x1b[1mGenerating C code for ROS interfaces\x1b[0m\n'}
[10.617189] (sfr_coursework2_interface_package) StdoutLine: {'line': b'[  8%] \x1b[34m\x1b[1mGenerating C++ code for ROS interfaces\x1b[0m\n'}
[10.660900] (-) TimerEvent: {}
[10.672916] (sfr_coursework2_interface_package) StdoutLine: {'line': b'running egg_info\n'}
[10.675112] (sfr_coursework2_interface_package) StdoutLine: {'line': b'creating sfr_coursework2_interface_package.egg-info\n'}
[10.744815] (sfr_coursework2_interface_package) StdoutLine: {'line': b'writing sfr_coursework2_interface_package.egg-info/PKG-INFO\n'}
[10.745324] (sfr_coursework2_interface_package) StdoutLine: {'line': b'writing dependency_links to sfr_coursework2_interface_package.egg-info/dependency_links.txt\n'}
[10.745524] (sfr_coursework2_interface_package) StdoutLine: {'line': b'writing top-level names to sfr_coursework2_interface_package.egg-info/top_level.txt\n'}
[10.745680] (sfr_coursework2_interface_package) StdoutLine: {'line': b"writing manifest file 'sfr_coursework2_interface_package.egg-info/SOURCES.txt'\n"}
[10.761008] (-) TimerEvent: {}
[10.861407] (-) TimerEvent: {}
[10.934448] (sfr_coursework2_interface_package) StdoutLine: {'line': b"reading manifest file 'sfr_coursework2_interface_package.egg-info/SOURCES.txt'\n"}
[10.935589] (sfr_coursework2_interface_package) StdoutLine: {'line': b"writing manifest file 'sfr_coursework2_interface_package.egg-info/SOURCES.txt'\n"}
[10.961606] (-) TimerEvent: {}
[10.994626] (sfr_coursework2_interface_package) StdoutLine: {'line': b'[  8%] Built target ament_cmake_python_build_sfr_coursework2_interface_package_egg\n'}
[11.061847] (-) TimerEvent: {}
[11.162308] (-) TimerEvent: {}
[11.262731] (-) TimerEvent: {}
[11.363346] (-) TimerEvent: {}
[11.463767] (-) TimerEvent: {}
[11.521621] (sfr_coursework2_interface_package) StdoutLine: {'line': b'[ 11%] \x1b[32mBuilding C object CMakeFiles/sfr_coursework2_interface_package__rosidl_generator_c.dir/rosidl_generator_c/sfr_coursework2_interface_package/action/detail/drone_control__description.c.o\x1b[0m\n'}
[11.523042] (sfr_coursework2_interface_package) StdoutLine: {'line': b'[ 14%] \x1b[32mBuilding C object CMakeFiles/sfr_coursework2_interface_package__rosidl_generator_c.dir/rosidl_generator_c/sfr_coursework2_interface_package/action/detail/drone_control__functions.c.o\x1b[0m\n'}
[11.524237] (sfr_coursework2_interface_package) StdoutLine: {'line': b'[ 17%] \x1b[32mBuilding C object CMakeFiles/sfr_coursework2_interface_package__rosidl_generator_c.dir/rosidl_generator_c/sfr_coursework2_interface_package/action/detail/drone_control__type_support.c.o\x1b[0m\n'}
[11.563958] (-) TimerEvent: {}
[11.623980] (sfr_coursework2_interface_package) StdoutLine: {'line': b'[ 17%] Built target sfr_coursework2_interface_package__cpp\n'}
[11.664150] (-) TimerEvent: {}
[11.765016] (-) TimerEvent: {}
[11.865407] (-) TimerEvent: {}
[11.923063] (sfr_coursework2_interface_package) StdoutLine: {'line': b'[ 20%] \x1b[32m\x1b[1mLinking C shared library libsfr_coursework2_interface_package__rosidl_generator_c.so\x1b[0m\n'}
[11.965541] (-) TimerEvent: {}
[12.009063] (sfr_coursework2_interface_package) StdoutLine: {'line': b'[ 20%] Built target sfr_coursework2_interface_package__rosidl_generator_c\n'}
[12.047007] (sfr_coursework2_interface_package) StdoutLine: {'line': b'[ 23%] \x1b[34m\x1b[1mGenerating C type support dispatch for ROS interfaces\x1b[0m\n'}
[12.048048] (sfr_coursework2_interface_package) StdoutLine: {'line': b'[ 26%] \x1b[34m\x1b[1mGenerating C type support for eProsima Fast-RTPS\x1b[0m\n'}
[12.052314] (sfr_coursework2_interface_package) StdoutLine: {'line': b'[ 32%] \x1b[34m\x1b[1mGenerating C++ type support dispatch for ROS interfaces\x1b[0m\n'}
[12.053085] (sfr_coursework2_interface_package) StdoutLine: {'line': b'[ 32%] \x1b[34m\x1b[1mGenerating C++ type support for eProsima Fast-RTPS\x1b[0m\n'}
[12.053835] (sfr_coursework2_interface_package) StdoutLine: {'line': b'[ 35%] \x1b[34m\x1b[1mGenerating C introspection for ROS interfaces\x1b[0m\n'}
[12.058230] (sfr_coursework2_interface_package) StdoutLine: {'line': b'[ 38%] \x1b[34m\x1b[1mGenerating C++ introspection for ROS interfaces\x1b[0m\n'}
[12.065752] (-) TimerEvent: {}
[12.166295] (-) TimerEvent: {}
[12.266740] (-) TimerEvent: {}
[12.367202] (-) TimerEvent: {}
[12.467652] (-) TimerEvent: {}
[12.568174] (-) TimerEvent: {}
[12.668597] (-) TimerEvent: {}
[12.749812] (sfr_coursework2_interface_package) StdoutLine: {'line': b'[ 41%] \x1b[32mBuilding CXX object CMakeFiles/sfr_coursework2_interface_package__rosidl_typesupport_cpp.dir/rosidl_typesupport_cpp/sfr_coursework2_interface_package/action/drone_control__type_support.cpp.o\x1b[0m\n'}
[12.768761] (-) TimerEvent: {}
[12.869292] (-) TimerEvent: {}
[12.969796] (-) TimerEvent: {}
[12.979887] (sfr_coursework2_interface_package) StdoutLine: {'line': b'[ 44%] \x1b[32mBuilding CXX object CMakeFiles/sfr_coursework2_interface_package__rosidl_typesupport_c.dir/rosidl_typesupport_c/sfr_coursework2_interface_package/action/drone_control__type_support.cpp.o\x1b[0m\n'}
[13.019469] (sfr_coursework2_interface_package) StdoutLine: {'line': b'[ 47%] \x1b[32mBuilding C object CMakeFiles/sfr_coursework2_interface_package__rosidl_typesupport_introspection_c.dir/rosidl_typesupport_introspection_c/sfr_coursework2_interface_package/action/detail/drone_control__type_support.c.o\x1b[0m\n'}
[13.051433] (sfr_coursework2_interface_package) StdoutLine: {'line': b'[ 50%] \x1b[32mBuilding CXX object CMakeFiles/sfr_coursework2_interface_package__rosidl_typesupport_introspection_cpp.dir/rosidl_typesupport_introspection_cpp/sfr_coursework2_interface_package/action/detail/drone_control__type_support.cpp.o\x1b[0m\n'}
[13.069983] (-) TimerEvent: {}
[13.166504] (sfr_coursework2_interface_package) StdoutLine: {'line': b'[ 52%] \x1b[32m\x1b[1mLinking C shared library libsfr_coursework2_interface_package__rosidl_typesupport_introspection_c.so\x1b[0m\n'}
[13.170248] (-) TimerEvent: {}
[13.198588] (sfr_coursework2_interface_package) StdoutLine: {'line': b'[ 55%] \x1b[32m\x1b[1mLinking CXX shared library libsfr_coursework2_interface_package__rosidl_typesupport_c.so\x1b[0m\n'}
[13.260765] (sfr_coursework2_interface_package) StdoutLine: {'line': b'[ 55%] Built target sfr_coursework2_interface_package__rosidl_typesupport_introspection_c\n'}
[13.270430] (-) TimerEvent: {}
[13.347696] (sfr_coursework2_interface_package) StdoutLine: {'line': b'[ 55%] Built target sfr_coursework2_interface_package__rosidl_typesupport_c\n'}
[13.370542] (-) TimerEvent: {}
[13.470964] (-) TimerEvent: {}
[13.491124] (sfr_coursework2_interface_package) StdoutLine: {'line': b'[ 58%] \x1b[32mBuilding CXX object CMakeFiles/sfr_coursework2_interface_package__rosidl_typesupport_fastrtps_c.dir/rosidl_typesupport_fastrtps_c/sfr_coursework2_interface_package/action/detail/drone_control__type_support_c.cpp.o\x1b[0m\n'}
[13.540897] (sfr_coursework2_interface_package) StdoutLine: {'line': b'[ 61%] \x1b[32mBuilding CXX object CMakeFiles/sfr_coursework2_interface_package__rosidl_typesupport_fastrtps_cpp.dir/rosidl_typesupport_fastrtps_cpp/sfr_coursework2_interface_package/action/detail/dds_fastrtps/drone_control__type_support.cpp.o\x1b[0m\n'}
[13.571220] (-) TimerEvent: {}
[13.671892] (-) TimerEvent: {}
[13.772490] (-) TimerEvent: {}
[13.873253] (-) TimerEvent: {}
[13.973987] (-) TimerEvent: {}
[14.074665] (-) TimerEvent: {}
[14.175261] (-) TimerEvent: {}
[14.275715] (-) TimerEvent: {}
[14.376322] (-) TimerEvent: {}
[14.476905] (-) TimerEvent: {}
[14.577566] (-) TimerEvent: {}
[14.678150] (-) TimerEvent: {}
[14.778878] (-) TimerEvent: {}
[14.879515] (-) TimerEvent: {}
[14.980402] (-) TimerEvent: {}
[15.080969] (-) TimerEvent: {}
[15.108534] (sfr_coursework2_interface_package) StdoutLine: {'line': b'[ 64%] \x1b[32m\x1b[1mLinking CXX shared library libsfr_coursework2_interface_package__rosidl_typesupport_introspection_cpp.so\x1b[0m\n'}
[15.122366] (sfr_coursework2_interface_package) StdoutLine: {'line': b'[ 67%] \x1b[32m\x1b[1mLinking CXX shared library libsfr_coursework2_interface_package__rosidl_typesupport_cpp.so\x1b[0m\n'}
[15.181185] (-) TimerEvent: {}
[15.281674] (-) TimerEvent: {}
[15.328655] (sfr_coursework2_interface_package) StdoutLine: {'line': b'[ 67%] Built target sfr_coursework2_interface_package__rosidl_typesupport_introspection_cpp\n'}
[15.360405] (sfr_coursework2_interface_package) StdoutLine: {'line': b'[ 70%] \x1b[32m\x1b[1mLinking CXX shared library libsfr_coursework2_interface_package__rosidl_typesupport_fastrtps_c.so\x1b[0m\n'}
[15.381822] (-) TimerEvent: {}
[15.438163] (sfr_coursework2_interface_package) StdoutLine: {'line': b'[ 70%] Built target sfr_coursework2_interface_package__rosidl_typesupport_cpp\n'}
[15.482192] (-) TimerEvent: {}
[15.527301] (sfr_coursework2_interface_package) StdoutLine: {'line': b'[ 70%] Built target sfr_coursework2_interface_package__rosidl_typesupport_fastrtps_c\n'}
[15.582359] (-) TimerEvent: {}
[15.684669] (-) TimerEvent: {}
[15.785283] (-) TimerEvent: {}
[15.808727] (sfr_coursework2_interface_package) StdoutLine: {'line': b'[ 73%] \x1b[32m\x1b[1mLinking CXX shared library libsfr_coursework2_interface_package__rosidl_typesupport_fastrtps_cpp.so\x1b[0m\n'}
[15.885375] (-) TimerEvent: {}
[15.958019] (sfr_coursework2_interface_package) StdoutLine: {'line': b'[ 73%] Built target sfr_coursework2_interface_package__rosidl_typesupport_fastrtps_cpp\n'}
[15.985542] (-) TimerEvent: {}
[16.009783] (sfr_coursework2_interface_package) StdoutLine: {'line': b'[ 73%] Built target sfr_coursework2_interface_package\n'}
[16.057123] (sfr_coursework2_interface_package) StdoutLine: {'line': b'[ 76%] \x1b[34m\x1b[1mGenerating Python code for ROS interfaces\x1b[0m\n'}
[16.085693] (-) TimerEvent: {}
[16.186148] (-) TimerEvent: {}
[16.286594] (-) TimerEvent: {}
[16.387001] (-) TimerEvent: {}
[16.487340] (-) TimerEvent: {}
[16.587724] (-) TimerEvent: {}
[16.688325] (-) TimerEvent: {}
[16.788800] (-) TimerEvent: {}
[16.889259] (-) TimerEvent: {}
[16.989733] (-) TimerEvent: {}
[17.090127] (-) TimerEvent: {}
[17.190595] (-) TimerEvent: {}
[17.246334] (sfr_coursework2_interface_package) StdoutLine: {'line': b'[ 76%] Built target sfr_coursework2_interface_package__py\n'}
[17.285452] (sfr_coursework2_interface_package) StdoutLine: {'line': b'[ 79%] \x1b[32mBuilding C object CMakeFiles/sfr_coursework2_interface_package__rosidl_generator_py.dir/rosidl_generator_py/sfr_coursework2_interface_package/action/_drone_control_s.c.o\x1b[0m\n'}
[17.290713] (-) TimerEvent: {}
[17.391243] (-) TimerEvent: {}
[17.491914] (-) TimerEvent: {}
[17.592353] (-) TimerEvent: {}
[17.692808] (-) TimerEvent: {}
[17.791350] (sfr_coursework2_interface_package) StdoutLine: {'line': b'[ 82%] \x1b[32m\x1b[1mLinking C shared library libsfr_coursework2_interface_package__rosidl_generator_py.so\x1b[0m\n'}
[17.793002] (-) TimerEvent: {}
[17.893454] (-) TimerEvent: {}
[17.924034] (sfr_coursework2_interface_package) StdoutLine: {'line': b'[ 82%] Built target sfr_coursework2_interface_package__rosidl_generator_py\n'}
[17.964129] (sfr_coursework2_interface_package) StdoutLine: {'line': b'[ 85%] \x1b[32mBuilding C object CMakeFiles/sfr_coursework2_interface_package_s__rosidl_typesupport_c.dir/rosidl_generator_py/sfr_coursework2_interface_package/_sfr_coursework2_interface_package_s.ep.rosidl_typesupport_c.c.o\x1b[0m\n'}
[17.967963] (sfr_coursework2_interface_package) StdoutLine: {'line': b'[ 88%] \x1b[32mBuilding C object CMakeFiles/sfr_coursework2_interface_package_s__rosidl_typesupport_fastrtps_c.dir/rosidl_generator_py/sfr_coursework2_interface_package/_sfr_coursework2_interface_package_s.ep.rosidl_typesupport_fastrtps_c.c.o\x1b[0m\n'}
[17.970888] (sfr_coursework2_interface_package) StdoutLine: {'line': b'[ 91%] \x1b[32mBuilding C object CMakeFiles/sfr_coursework2_interface_package_s__rosidl_typesupport_introspection_c.dir/rosidl_generator_py/sfr_coursework2_interface_package/_sfr_coursework2_interface_package_s.ep.rosidl_typesupport_introspection_c.c.o\x1b[0m\n'}
[17.993688] (-) TimerEvent: {}
[18.094373] (-) TimerEvent: {}
[18.195018] (-) TimerEvent: {}
[18.234129] (sfr_coursework2_interface_package) StdoutLine: {'line': b'[ 94%] \x1b[32m\x1b[1mLinking C shared module rosidl_generator_py/sfr_coursework2_interface_package/sfr_coursework2_interface_package_s__rosidl_typesupport_c.so\x1b[0m\n'}
[18.282109] (sfr_coursework2_interface_package) StdoutLine: {'line': b'[ 97%] \x1b[32m\x1b[1mLinking C shared module rosidl_generator_py/sfr_coursework2_interface_package/sfr_coursework2_interface_package_s__rosidl_typesupport_introspection_c.so\x1b[0m\n'}
[18.295233] (-) TimerEvent: {}
[18.310807] (sfr_coursework2_interface_package) StdoutLine: {'line': b'[ 97%] Built target sfr_coursework2_interface_package_s__rosidl_typesupport_c\n'}
[18.359460] (sfr_coursework2_interface_package) StdoutLine: {'line': b'[100%] \x1b[32m\x1b[1mLinking C shared module rosidl_generator_py/sfr_coursework2_interface_package/sfr_coursework2_interface_package_s__rosidl_typesupport_fastrtps_c.so\x1b[0m\n'}
[18.361674] (sfr_coursework2_interface_package) StdoutLine: {'line': b'[100%] Built target sfr_coursework2_interface_package_s__rosidl_typesupport_introspection_c\n'}
[18.395376] (-) TimerEvent: {}
[18.450889] (sfr_coursework2_interface_package) StdoutLine: {'line': b'[100%] Built target sfr_coursework2_interface_package_s__rosidl_typesupport_fastrtps_c\n'}
[18.471375] (sfr_coursework2_interface_package) CommandEnded: {'returncode': 0}
[18.472794] (sfr_coursework2_interface_package) JobProgress: {'identifier': 'sfr_coursework2_interface_package', 'progress': 'install'}
[18.492984] (sfr_coursework2_interface_package) Command: {'cmd': ['/usr/bin/cmake', '--install', '/home/student48/assessments/coursework2/build/sfr_coursework2_interface_package'], 'cwd': '/home/student48/assessments/coursework2/build/sfr_coursework2_interface_package', 'env': OrderedDict({'GJS_DEBUG_TOPICS': 'JS ERROR;JS LOG', 'XDG_ACTIVATION_TOKEN': 'gnome-shell/Terminator/4069-24-e-24ul523g78z_TIME22855698', 'LESSOPEN': '| /usr/bin/lesspipe %s', 'GZ_SIM_RESOURCE_PATH': '/opt/ros/jazzy/share', 'USER': 'student48', 'GZ_CONFIG_PATH': '/opt/ros/jazzy/opt/gz_sim_vendor/share/gz:/opt/ros/jazzy/opt/sdformat_vendor/share/gz:/opt/ros/jazzy/opt/gz_gui_vendor/share/gz:/opt/ros/jazzy/opt/gz_transport_vendor/share/gz:/opt/ros/jazzy/opt/gz_rendering_vendor/share/gz:/opt/ros/jazzy/opt/gz_plugin_vendor/share/gz:/opt/ros/jazzy/opt/gz_fuel_tools_vendor/share/gz:/opt/ros/jazzy/opt/gz_msgs_vendor/share/gz:/opt/ros/jazzy/opt/gz_common_vendor/share/gz', 'XDG_SESSION_TYPE': 'x11', 'CLUTTER_DISABLE_MIPMAPPED_TEXT': '1', 'SHLVL': '1', 'LD_LIBRARY_PATH': '/home/student48/ros2_tutorial_workspace/install/package_with_interfaces/lib:/opt/ros/jazzy/opt/gz_sim_vendor/lib:/opt/ros/jazzy/opt/gz_sensors_vendor/lib:/opt/ros/jazzy/opt/gz_physics_vendor/lib:/opt/ros/jazzy/opt/sdformat_vendor/lib:/opt/ros/jazzy/opt/rviz_ogre_vendor/lib:/opt/ros/jazzy/lib/x86_64-linux-gnu:/opt/ros/jazzy/opt/gz_gui_vendor/lib:/opt/ros/jazzy/opt/gz_transport_vendor/lib:/opt/ros/jazzy/opt/gz_rendering_vendor/lib:/opt/ros/jazzy/opt/gz_plugin_vendor/lib:/opt/ros/jazzy/opt/gz_fuel_tools_vendor/lib:/opt/ros/jazzy/opt/gz_msgs_vendor/lib:/opt/ros/jazzy/opt/gz_common_vendor/lib:/opt/ros/jazzy/opt/gz_math_vendor/lib:/opt/ros/jazzy/opt/gz_utils_vendor/lib:/opt/ros/jazzy/opt/gz_tools_vendor/lib:/opt/ros/jazzy/opt/gz_ogre_next_vendor/lib:/opt/ros/jazzy/opt/gz_dartsim_vendor/lib:/opt/ros/jazzy/opt/gz_cmake_vendor/lib:/opt/ros/jazzy/lib', 'HOME': '/home/student48', 'OLDPWD': '/home/student48/assessments/coursework2/src', 'DESKTOP_SESSION': 'ubuntu', 'GIO_LAUNCHED_DESKTOP_FILE': '/usr/share/applications/terminator.desktop', 'ROS_PYTHON_VERSION': '3', 'GNOME_SHELL_SESSION_MODE': 'ubuntu', 'GTK_MODULES': 'gail:atk-bridge', 'MANAGERPID': '3536', 'SYSTEMD_EXEC_PID': '4069', 'GSM_SKIP_SSH_AGENT_WORKAROUND': 'true', 'DBUS_SESSION_BUS_ADDRESS': 'unix:path=/run/user/1001/bus', 'COLORTERM': 'truecolor', 'TERMINATOR_DBUS_NAME': 'net.tenshu.Terminator23558193cd9818af7fe4d2c2f5bd9d00f', 'GIO_LAUNCHED_DESKTOP_FILE_PID': '473322', 'DEBUGINFOD_URLS': 'https://debuginfod.ubuntu.com', 'COLCON_PREFIX_PATH': '/home/student48/ros2_tutorial_workspace/install:/home/student48/assessments/week4/src/install', 'ROS_DISTRO': 'jazzy', 'LOGNAME': 'student48', 'JOURNAL_STREAM': '9:28955', '_': '/usr/bin/colcon', 'ROS_VERSION': '2', 'MEMORY_PRESSURE_WATCH': '/sys/fs/cgroup/user.slice/user-1001.slice/user@1001.service/session.slice/org.gnome.Shell@x11.service/memory.pressure', 'XDG_SESSION_CLASS': 'user', 'USERNAME': 'student48', 'TERM': 'xterm-256color', 'GNOME_DESKTOP_SESSION_ID': 'this-is-deprecated', 'WINDOWPATH': '2', 'PATH': '/opt/ros/jazzy/opt/gz_msgs_vendor/bin:/opt/ros/jazzy/opt/gz_tools_vendor/bin:/opt/ros/jazzy/opt/gz_ogre_next_vendor/bin:/opt/ros/jazzy/bin:/home/student48/.local/bin:/usr/local/sbin:/usr/local/bin:/usr/sbin:/usr/bin:/sbin:/bin:/usr/games:/usr/local/games:/snap/bin:/snap/bin', 'SESSION_MANAGER': 'local/e-24ul523g78z:@/tmp/.ICE-unix/4020,unix/e-24ul523g78z:/tmp/.ICE-unix/4020', 'INVOCATION_ID': 'cfe83700b9474ddbb7229b43a557dcb5', 'XDG_MENU_PREFIX': 'gnome-', 'XDG_RUNTIME_DIR': '/run/user/1001', 'DISPLAY': ':1', 'TERMINATOR_DBUS_PATH': '/net/tenshu/Terminator2', 'LANG': 'en_GB.UTF-8', 'XDG_CURRENT_DESKTOP': 'ubuntu:GNOME', 'XMODIFIERS': '@im=ibus', 'XDG_SESSION_DESKTOP': 'ubuntu', 'XAUTHORITY': '/run/user/1001/gdm/Xauthority', 'LS_COLORS': 'rs=0:di=01;34:ln=01;36:mh=00:pi=40;33:so=01;35:do=01;35:bd=40;33;01:cd=40;33;01:or=40;31;01:mi=00:su=37;41:sg=30;43:ca=00:tw=30;42:ow=34;42:st=37;44:ex=01;32:*.tar=01;31:*.tgz=01;31:*.arc=01;31:*.arj=01;31:*.taz=01;31:*.lha=01;31:*.lz4=01;31:*.lzh=01;31:*.lzma=01;31:*.tlz=01;31:*.txz=01;31:*.tzo=01;31:*.t7z=01;31:*.zip=01;31:*.z=01;31:*.dz=01;31:*.gz=01;31:*.lrz=01;31:*.lz=01;31:*.lzo=01;31:*.xz=01;31:*.zst=01;31:*.tzst=01;31:*.bz2=01;31:*.bz=01;31:*.tbz=01;31:*.tbz2=01;31:*.tz=01;31:*.deb=01;31:*.rpm=01;31:*.jar=01;31:*.war=01;31:*.ear=01;31:*.sar=01;31:*.rar=01;31:*.alz=01;31:*.ace=01;31:*.zoo=01;31:*.cpio=01;31:*.7z=01;31:*.rz=01;31:*.cab=01;31:*.wim=01;31:*.swm=01;31:*.dwm=01;31:*.esd=01;31:*.avif=01;35:*.jpg=01;35:*.jpeg=01;35:*.mjpg=01;35:*.mjpeg=01;35:*.gif=01;35:*.bmp=01;35:*.pbm=01;35:*.pgm=01;35:*.ppm=01;35:*.tga=01;35:*.xbm=01;35:*.xpm=01;35:*.tif=01;35:*.tiff=01;35:*.png=01;35:*.svg=01;35:*.svgz=01;35:*.mng=01;35:*.pcx=01;35:*.mov=01;35:*.mpg=01;35:*.mpeg=01;35:*.m2v=01;35:*.mkv=01;35:*.webm=01;35:*.webp=01;35:*.ogm=01;35:*.mp4=01;35:*.m4v=01;35:*.mp4v=01;35:*.vob=01;35:*.qt=01;35:*.nuv=01;35:*.wmv=01;35:*.asf=01;35:*.rm=01;35:*.rmvb=01;35:*.flc=01;35:*.avi=01;35:*.fli=01;35:*.flv=01;35:*.gl=01;35:*.dl=01;35:*.xcf=01;35:*.xwd=01;35:*.yuv=01;35:*.cgm=01;35:*.emf=01;35:*.ogv=01;35:*.ogx=01;35:*.aac=00;36:*.au=00;36:*.flac=00;36:*.m4a=00;36:*.mid=00;36:*.midi=00;36:*.mka=00;36:*.mp3=00;36:*.mpc=00;36:*.ogg=00;36:*.ra=00;36:*.wav=00;36:*.oga=00;36:*.opus=00;36:*.spx=00;36:*.xspf=00;36:*~=00;90:*#=00;90:*.bak=00;90:*.crdownload=00;90:*.dpkg-dist=00;90:*.dpkg-new=00;90:*.dpkg-old=00;90:*.dpkg-tmp=00;90:*.old=00;90:*.orig=00;90:*.part=00;90:*.rej=00;90:*.rpmnew=00;90:*.rpmorig=00;90:*.rpmsave=00;90:*.swp=00;90:*.tmp=00;90:*.ucf-dist=00;90:*.ucf-new=00;90:*.ucf-old=00;90:', 'SSH_AUTH_SOCK': '/run/user/1001/keyring/ssh', 'AMENT_PREFIX_PATH': '/home/student48/ros2_tutorial_workspace/install/the_simplest_python_packagee:/home/student48/ros2_tutorial_workspace/install/the_simplest_python_package:/home/student48/ros2_tutorial_workspace/install/python_package_with_a_node:/home/student48/ros2_tutorial_workspace/install/python_package_that_uses_the_library:/home/student48/ros2_tutorial_workspace/install/python_package_with_a_library:/home/student48/ros2_tutorial_workspace/install/python_package_that_uses_the_services:/home/student48/ros2_tutorial_workspace/install/python_package_that_uses_the_messages:/home/student48/ros2_tutorial_workspace/install/python_package_that_uses_the_actions:/home/student48/ros2_tutorial_workspace/install/python_package_that_uses_tf2:/home/student48/ros2_tutorial_workspace/install/python_package_that_uses_parameters_and_launch_files:/home/student48/ros2_tutorial_workspace/install/python_package_that_uses_nav2:/home/student48/ros2_tutorial_workspace/install/python_package_that_uses_geometry_msgs:/home/student48/ros2_tutorial_workspace/install/python_package_that_uses_gazebo:/home/student48/ros2_tutorial_workspace/install/package_with_interfaces:/home/student48/ros2_tutorial_workspace/install/my_package:/home/student48/ros2_tutorial_workspace/install/custom_tf_package:/home/student48/ros2_tutorial_workspace/install/custom_tf_broadcaster_package:/home/student48/ros2_tutorial_workspace/install/custom_subscriber_package:/home/student48/ros2_tutorial_workspace/install/custom_server_package:/home/student48/ros2_tutorial_workspace/install/custom_publisher_package:/home/student48/ros2_tutorial_workspace/install/custom_package_with_node:/home/student48/ros2_tutorial_workspace/install/custom_package_with_library:/home/student48/ros2_tutorial_workspace/install/custom_client_package:/home/student48/ros2_tutorial_workspace/install/custom_action_server_package:/home/student48/ros2_tutorial_workspace/install/custom_action_client_package:/home/student48/ros2_tutorial_workspace/install/another_package:/home/student48/assessments/week4/src/install/volkswagen:/home/student48/assessments/week4/src/install/building:/opt/ros/jazzy', 'SHELL': '/bin/bash', 'TERMINATOR_UUID': 'urn:uuid:d2f7d3f1-2b70-449f-9d37-e4e4965f3838', 'QT_ACCESSIBILITY': '1', 'GDMSESSION': 'ubuntu', 'LESSCLOSE': '/usr/bin/lesspipe %s %s', 'GPG_AGENT_INFO': '/run/user/1001/gnupg/S.gpg-agent:0:1', 'GJS_DEBUG_OUTPUT': 'stderr', 'ROS_AUTOMATIC_DISCOVERY_RANGE': 'SUBNET', 'QT_IM_MODULE': 'ibus', 'PWD': '/home/student48/assessments/coursework2/build/sfr_coursework2_interface_package', 'XDG_CONFIG_DIRS': '/etc/xdg/xdg-ubuntu:/etc/xdg', 'XDG_DATA_DIRS': '/usr/share/ubuntu:/usr/share/gnome:/usr/local/share/:/usr/share/:/var/lib/snapd/desktop', 'PYTHONPATH': '/home/student48/ros2_tutorial_workspace/install/the_simplest_python_packagee/lib/python3.12/site-packages:/home/student48/ros2_tutorial_workspace/install/the_simplest_python_package/lib/python3.12/site-packages:/home/student48/ros2_tutorial_workspace/install/python_package_with_a_node/lib/python3.12/site-packages:/home/student48/ros2_tutorial_workspace/install/python_package_that_uses_the_library/lib/python3.12/site-packages:/home/student48/ros2_tutorial_workspace/install/python_package_with_a_library/lib/python3.12/site-packages:/home/student48/ros2_tutorial_workspace/install/python_package_that_uses_the_services/lib/python3.12/site-packages:/home/student48/ros2_tutorial_workspace/install/python_package_that_uses_the_messages/lib/python3.12/site-packages:/home/student48/ros2_tutorial_workspace/install/python_package_that_uses_the_actions/lib/python3.12/site-packages:/home/student48/ros2_tutorial_workspace/install/python_package_that_uses_tf2/lib/python3.12/site-packages:/home/student48/ros2_tutorial_workspace/install/python_package_that_uses_parameters_and_launch_files/lib/python3.12/site-packages:/home/student48/ros2_tutorial_workspace/install/python_package_that_uses_nav2/lib/python3.12/site-packages:/home/student48/ros2_tutorial_workspace/install/python_package_that_uses_geometry_msgs/lib/python3.12/site-packages:/home/student48/ros2_tutorial_workspace/install/python_package_that_uses_gazebo/lib/python3.12/site-packages:/home/student48/ros2_tutorial_workspace/install/package_with_interfaces/lib/python3.12/site-packages:/home/student48/ros2_tutorial_workspace/install/my_package/lib/python3.12/site-packages:/home/student48/ros2_tutorial_workspace/install/custom_tf_package/lib/python3.12/site-packages:/home/student48/ros2_tutorial_workspace/install/custom_tf_broadcaster_package/lib/python3.12/site-packages:/home/student48/ros2_tutorial_workspace/install/custom_subscriber_package/lib/python3.12/site-packages:/home/student48/ros2_tutorial_workspace/install/custom_server_package/lib/python3.12/site-packages:/home/student48/ros2_tutorial_workspace/install/custom_publisher_package/lib/python3.12/site-packages:/home/student48/ros2_tutorial_workspace/install/custom_package_with_node/lib/python3.12/site-packages:/home/student48/ros2_tutorial_workspace/install/custom_package_with_library/lib/python3.12/site-packages:/home/student48/ros2_tutorial_workspace/install/custom_client_package/lib/python3.12/site-packages:/home/student48/ros2_tutorial_workspace/install/custom_action_server_package/lib/python3.12/site-packages:/home/student48/ros2_tutorial_workspace/install/custom_action_client_package/lib/python3.12/site-packages:/home/student48/ros2_tutorial_workspace/install/another_package/lib/python3.12/site-packages:/home/student48/assessments/week4/src/install/volkswagen/lib/python3.12/site-packages:/home/student48/assessments/week4/src/install/building/lib/python3.12/site-packages:/opt/ros/jazzy/lib/python3.12/site-packages', 'COLCON': '1', 'MEMORY_PRESSURE_WRITE': 'c29tZSAyMDAwMDAgMjAwMDAwMAA=', 'VTE_VERSION': '7600', 'CMAKE_PREFIX_PATH': '/home/student48/ros2_tutorial_workspace/install/package_with_interfaces:/opt/ros/jazzy/opt/gz_sim_vendor:/opt/ros/jazzy/opt/gz_sensors_vendor:/opt/ros/jazzy/opt/gz_physics_vendor:/opt/ros/jazzy/opt/sdformat_vendor:/opt/ros/jazzy/opt/gz_gui_vendor:/opt/ros/jazzy/opt/gz_transport_vendor:/opt/ros/jazzy/opt/gz_rendering_vendor:/opt/ros/jazzy/opt/gz_plugin_vendor:/opt/ros/jazzy/opt/gz_fuel_tools_vendor:/opt/ros/jazzy/opt/gz_msgs_vendor:/opt/ros/jazzy/opt/gz_common_vendor:/opt/ros/jazzy/opt/gz_math_vendor:/opt/ros/jazzy/opt/gz_utils_vendor:/opt/ros/jazzy/opt/gz_tools_vendor:/opt/ros/jazzy/opt/gz_ogre_next_vendor:/opt/ros/jazzy/opt/gz_dartsim_vendor:/opt/ros/jazzy/opt/gz_cmake_vendor:/home/student48/ros2_tutorial_workspace/install/the_simplest_python_packagee:/home/student48/ros2_tutorial_workspace/install/the_simplest_python_package:/home/student48/ros2_tutorial_workspace/install/python_package_with_a_node:/home/student48/ros2_tutorial_workspace/install/python_package_that_uses_the_library:/home/student48/ros2_tutorial_workspace/install/python_package_with_a_library:/home/student48/ros2_tutorial_workspace/install/python_package_that_uses_the_services:/home/student48/ros2_tutorial_workspace/install/python_package_that_uses_the_messages:/home/student48/ros2_tutorial_workspace/install/python_package_that_uses_the_actions:/home/student48/ros2_tutorial_workspace/install/python_package_that_uses_tf2:/home/student48/ros2_tutorial_workspace/install/python_package_that_uses_parameters_and_launch_files:/home/student48/ros2_tutorial_workspace/install/python_package_that_uses_nav2:/home/student48/ros2_tutorial_workspace/install/python_package_that_uses_geometry_msgs:/home/student48/ros2_tutorial_workspace/install/python_package_that_uses_gazebo:/home/student48/ros2_tutorial_workspace/install/my_package:/home/student48/ros2_tutorial_workspace/install/custom_tf_package:/home/student48/ros2_tutorial_workspace/install/custom_tf_broadcaster_package:/home/student48/ros2_tutorial_workspace/install/custom_subscriber_package:/home/student48/ros2_tutorial_workspace/install/custom_server_package:/home/student48/ros2_tutorial_workspace/install/custom_publisher_package:/home/student48/ros2_tutorial_workspace/install/custom_package_with_node:/home/student48/ros2_tutorial_workspace/install/custom_package_with_library:/home/student48/ros2_tutorial_workspace/install/custom_client_package:/home/student48/ros2_tutorial_workspace/install/custom_action_server_package:/home/student48/ros2_tutorial_workspace/install/custom_action_client_package:/home/student48/ros2_tutorial_workspace/install/another_package:/home/student48/assessments/week4/src/install/volkswagen:/home/student48/assessments/week4/src/install/building:/opt/ros/jazzy'}), 'shell': False}
[18.495495] (-) TimerEvent: {}
[18.524321] (sfr_coursework2_interface_package) StdoutLine: {'line': b'-- Install configuration: ""\n'}
[18.524803] (sfr_coursework2_interface_package) StdoutLine: {'line': b'-- Installing: /home/student48/assessments/coursework2/install/sfr_coursework2_interface_package/share/ament_index/resource_index/rosidl_interfaces/sfr_coursework2_interface_package\n'}
[18.525092] (sfr_coursework2_interface_package) StdoutLine: {'line': b'-- Installing: /home/student48/assessments/coursework2/install/sfr_coursework2_interface_package/share/sfr_coursework2_interface_package/action/DroneControl.json\n'}
[18.525300] (sfr_coursework2_interface_package) StdoutLine: {'line': b'-- Installing: /home/student48/assessments/coursework2/install/sfr_coursework2_interface_package/include/sfr_coursework2_interface_package/sfr_coursework2_interface_package\n'}
[18.525552] (sfr_coursework2_interface_package) StdoutLine: {'line': b'-- Installing: /home/student48/assessments/coursework2/install/sfr_coursework2_interface_package/include/sfr_coursework2_interface_package/sfr_coursework2_interface_package/msg\n'}
[18.525719] (sfr_coursework2_interface_package) StdoutLine: {'line': b'-- Installing: /home/student48/assessments/coursework2/install/sfr_coursework2_interface_package/include/sfr_coursework2_interface_package/sfr_coursework2_interface_package/msg/rosidl_generator_c__visibility_control.h\n'}
[18.525907] (sfr_coursework2_interface_package) StdoutLine: {'line': b'-- Installing: /home/student48/assessments/coursework2/install/sfr_coursework2_interface_package/include/sfr_coursework2_interface_package/sfr_coursework2_interface_package/action\n'}
[18.526065] (sfr_coursework2_interface_package) StdoutLine: {'line': b'-- Installing: /home/student48/assessments/coursework2/install/sfr_coursework2_interface_package/include/sfr_coursework2_interface_package/sfr_coursework2_interface_package/action/drone_control.h\n'}
[18.526266] (sfr_coursework2_interface_package) StdoutLine: {'line': b'-- Installing: /home/student48/assessments/coursework2/install/sfr_coursework2_interface_package/include/sfr_coursework2_interface_package/sfr_coursework2_interface_package/action/detail\n'}
[18.526453] (sfr_coursework2_interface_package) StdoutLine: {'line': b'-- Installing: /home/student48/assessments/coursework2/install/sfr_coursework2_interface_package/include/sfr_coursework2_interface_package/sfr_coursework2_interface_package/action/detail/drone_control__functions.h\n'}
[18.526632] (sfr_coursework2_interface_package) StdoutLine: {'line': b'-- Installing: /home/student48/assessments/coursework2/install/sfr_coursework2_interface_package/include/sfr_coursework2_interface_package/sfr_coursework2_interface_package/action/detail/drone_control__functions.c\n'}
[18.526818] (sfr_coursework2_interface_package) StdoutLine: {'line': b'-- Installing: /home/student48/assessments/coursework2/install/sfr_coursework2_interface_package/include/sfr_coursework2_interface_package/sfr_coursework2_interface_package/action/detail/drone_control__type_support.c\n'}
[18.527135] (sfr_coursework2_interface_package) StdoutLine: {'line': b'-- Installing: /home/student48/assessments/coursework2/install/sfr_coursework2_interface_package/include/sfr_coursework2_interface_package/sfr_coursework2_interface_package/action/detail/drone_control__struct.h\n'}
[18.527351] (sfr_coursework2_interface_package) StdoutLine: {'line': b'-- Installing: /home/student48/assessments/coursework2/install/sfr_coursework2_interface_package/include/sfr_coursework2_interface_package/sfr_coursework2_interface_package/action/detail/drone_control__description.c\n'}
[18.527683] (sfr_coursework2_interface_package) StdoutLine: {'line': b'-- Installing: /home/student48/assessments/coursework2/install/sfr_coursework2_interface_package/include/sfr_coursework2_interface_package/sfr_coursework2_interface_package/action/detail/drone_control__type_support.h\n'}
[18.527822] (sfr_coursework2_interface_package) StdoutLine: {'line': b'-- Installing: /home/student48/assessments/coursework2/install/sfr_coursework2_interface_package/share/sfr_coursework2_interface_package/environment/library_path.sh\n'}
[18.527911] (sfr_coursework2_interface_package) StdoutLine: {'line': b'-- Installing: /home/student48/assessments/coursework2/install/sfr_coursework2_interface_package/share/sfr_coursework2_interface_package/environment/library_path.dsv\n'}
[18.527983] (sfr_coursework2_interface_package) StdoutLine: {'line': b'-- Installing: /home/student48/assessments/coursework2/install/sfr_coursework2_interface_package/lib/libsfr_coursework2_interface_package__rosidl_generator_c.so\n'}
[18.528058] (sfr_coursework2_interface_package) StdoutLine: {'line': b'-- Set non-toolchain portion of runtime path of "/home/student48/assessments/coursework2/install/sfr_coursework2_interface_package/lib/libsfr_coursework2_interface_package__rosidl_generator_c.so" to ""\n'}
[18.528151] (sfr_coursework2_interface_package) StdoutLine: {'line': b'-- Up-to-date: /home/student48/assessments/coursework2/install/sfr_coursework2_interface_package/include/sfr_coursework2_interface_package/sfr_coursework2_interface_package\n'}
[18.528241] (sfr_coursework2_interface_package) StdoutLine: {'line': b'-- Up-to-date: /home/student48/assessments/coursework2/install/sfr_coursework2_interface_package/include/sfr_coursework2_interface_package/sfr_coursework2_interface_package/msg\n'}
[18.528326] (sfr_coursework2_interface_package) StdoutLine: {'line': b'-- Installing: /home/student48/assessments/coursework2/install/sfr_coursework2_interface_package/include/sfr_coursework2_interface_package/sfr_coursework2_interface_package/msg/rosidl_typesupport_fastrtps_c__visibility_control.h\n'}
[18.528599] (sfr_coursework2_interface_package) StdoutLine: {'line': b'-- Up-to-date: /home/student48/assessments/coursework2/install/sfr_coursework2_interface_package/include/sfr_coursework2_interface_package/sfr_coursework2_interface_package/action\n'}
[18.528746] (sfr_coursework2_interface_package) StdoutLine: {'line': b'-- Up-to-date: /home/student48/assessments/coursework2/install/sfr_coursework2_interface_package/include/sfr_coursework2_interface_package/sfr_coursework2_interface_package/action/detail\n'}
[18.528828] (sfr_coursework2_interface_package) StdoutLine: {'line': b'-- Installing: /home/student48/assessments/coursework2/install/sfr_coursework2_interface_package/include/sfr_coursework2_interface_package/sfr_coursework2_interface_package/action/detail/drone_control__rosidl_typesupport_fastrtps_c.h\n'}
[18.528913] (sfr_coursework2_interface_package) StdoutLine: {'line': b'-- Installing: /home/student48/assessments/coursework2/install/sfr_coursework2_interface_package/lib/libsfr_coursework2_interface_package__rosidl_typesupport_fastrtps_c.so\n'}
[18.529058] (sfr_coursework2_interface_package) StdoutLine: {'line': b'-- Set non-toolchain portion of runtime path of "/home/student48/assessments/coursework2/install/sfr_coursework2_interface_package/lib/libsfr_coursework2_interface_package__rosidl_typesupport_fastrtps_c.so" to ""\n'}
[18.529217] (sfr_coursework2_interface_package) StdoutLine: {'line': b'-- Up-to-date: /home/student48/assessments/coursework2/install/sfr_coursework2_interface_package/include/sfr_coursework2_interface_package/sfr_coursework2_interface_package\n'}
[18.529309] (sfr_coursework2_interface_package) StdoutLine: {'line': b'-- Up-to-date: /home/student48/assessments/coursework2/install/sfr_coursework2_interface_package/include/sfr_coursework2_interface_package/sfr_coursework2_interface_package/msg\n'}
[18.529391] (sfr_coursework2_interface_package) StdoutLine: {'line': b'-- Installing: /home/student48/assessments/coursework2/install/sfr_coursework2_interface_package/include/sfr_coursework2_interface_package/sfr_coursework2_interface_package/msg/rosidl_generator_cpp__visibility_control.hpp\n'}
[18.529536] (sfr_coursework2_interface_package) StdoutLine: {'line': b'-- Up-to-date: /home/student48/assessments/coursework2/install/sfr_coursework2_interface_package/include/sfr_coursework2_interface_package/sfr_coursework2_interface_package/action\n'}
[18.529685] (sfr_coursework2_interface_package) StdoutLine: {'line': b'-- Up-to-date: /home/student48/assessments/coursework2/install/sfr_coursework2_interface_package/include/sfr_coursework2_interface_package/sfr_coursework2_interface_package/action/detail\n'}
[18.529763] (sfr_coursework2_interface_package) StdoutLine: {'line': b'-- Installing: /home/student48/assessments/coursework2/install/sfr_coursework2_interface_package/include/sfr_coursework2_interface_package/sfr_coursework2_interface_package/action/detail/drone_control__type_support.hpp\n'}
[18.529842] (sfr_coursework2_interface_package) StdoutLine: {'line': b'-- Installing: /home/student48/assessments/coursework2/install/sfr_coursework2_interface_package/include/sfr_coursework2_interface_package/sfr_coursework2_interface_package/action/detail/drone_control__struct.hpp\n'}
[18.530114] (sfr_coursework2_interface_package) StdoutLine: {'line': b'-- Installing: /home/student48/assessments/coursework2/install/sfr_coursework2_interface_package/include/sfr_coursework2_interface_package/sfr_coursework2_interface_package/action/detail/drone_control__traits.hpp\n'}
[18.530399] (sfr_coursework2_interface_package) StdoutLine: {'line': b'-- Installing: /home/student48/assessments/coursework2/install/sfr_coursework2_interface_package/include/sfr_coursework2_interface_package/sfr_coursework2_interface_package/action/detail/drone_control__builder.hpp\n'}
[18.530727] (sfr_coursework2_interface_package) StdoutLine: {'line': b'-- Installing: /home/student48/assessments/coursework2/install/sfr_coursework2_interface_package/include/sfr_coursework2_interface_package/sfr_coursework2_interface_package/action/drone_control.hpp\n'}
[18.531009] (sfr_coursework2_interface_package) StdoutLine: {'line': b'-- Up-to-date: /home/student48/assessments/coursework2/install/sfr_coursework2_interface_package/include/sfr_coursework2_interface_package/sfr_coursework2_interface_package\n'}
[18.531171] (sfr_coursework2_interface_package) StdoutLine: {'line': b'-- Up-to-date: /home/student48/assessments/coursework2/install/sfr_coursework2_interface_package/include/sfr_coursework2_interface_package/sfr_coursework2_interface_package/msg\n'}
[18.531330] (sfr_coursework2_interface_package) StdoutLine: {'line': b'-- Installing: /home/student48/assessments/coursework2/install/sfr_coursework2_interface_package/include/sfr_coursework2_interface_package/sfr_coursework2_interface_package/msg/rosidl_typesupport_fastrtps_cpp__visibility_control.h\n'}
[18.531692] (sfr_coursework2_interface_package) StdoutLine: {'line': b'-- Up-to-date: /home/student48/assessments/coursework2/install/sfr_coursework2_interface_package/include/sfr_coursework2_interface_package/sfr_coursework2_interface_package/action\n'}
[18.531856] (sfr_coursework2_interface_package) StdoutLine: {'line': b'-- Up-to-date: /home/student48/assessments/coursework2/install/sfr_coursework2_interface_package/include/sfr_coursework2_interface_package/sfr_coursework2_interface_package/action/detail\n'}
[18.531999] (sfr_coursework2_interface_package) StdoutLine: {'line': b'-- Installing: /home/student48/assessments/coursework2/install/sfr_coursework2_interface_package/include/sfr_coursework2_interface_package/sfr_coursework2_interface_package/action/detail/drone_control__rosidl_typesupport_fastrtps_cpp.hpp\n'}
[18.532297] (sfr_coursework2_interface_package) StdoutLine: {'line': b'-- Installing: /home/student48/assessments/coursework2/install/sfr_coursework2_interface_package/include/sfr_coursework2_interface_package/sfr_coursework2_interface_package/action/detail/dds_fastrtps\n'}
[18.532633] (sfr_coursework2_interface_package) StdoutLine: {'line': b'-- Installing: /home/student48/assessments/coursework2/install/sfr_coursework2_interface_package/lib/libsfr_coursework2_interface_package__rosidl_typesupport_fastrtps_cpp.so\n'}
[18.534545] (sfr_coursework2_interface_package) StdoutLine: {'line': b'-- Set non-toolchain portion of runtime path of "/home/student48/assessments/coursework2/install/sfr_coursework2_interface_package/lib/libsfr_coursework2_interface_package__rosidl_typesupport_fastrtps_cpp.so" to ""\n'}
[18.534725] (sfr_coursework2_interface_package) StdoutLine: {'line': b'-- Up-to-date: /home/student48/assessments/coursework2/install/sfr_coursework2_interface_package/include/sfr_coursework2_interface_package/sfr_coursework2_interface_package\n'}
[18.534931] (sfr_coursework2_interface_package) StdoutLine: {'line': b'-- Up-to-date: /home/student48/assessments/coursework2/install/sfr_coursework2_interface_package/include/sfr_coursework2_interface_package/sfr_coursework2_interface_package/msg\n'}
[18.535079] (sfr_coursework2_interface_package) StdoutLine: {'line': b'-- Installing: /home/student48/assessments/coursework2/install/sfr_coursework2_interface_package/include/sfr_coursework2_interface_package/sfr_coursework2_interface_package/msg/rosidl_typesupport_introspection_c__visibility_control.h\n'}
[18.535214] (sfr_coursework2_interface_package) StdoutLine: {'line': b'-- Up-to-date: /home/student48/assessments/coursework2/install/sfr_coursework2_interface_package/include/sfr_coursework2_interface_package/sfr_coursework2_interface_package/action\n'}
[18.535400] (sfr_coursework2_interface_package) StdoutLine: {'line': b'-- Up-to-date: /home/student48/assessments/coursework2/install/sfr_coursework2_interface_package/include/sfr_coursework2_interface_package/sfr_coursework2_interface_package/action/detail\n'}
[18.535551] (sfr_coursework2_interface_package) StdoutLine: {'line': b'-- Installing: /home/student48/assessments/coursework2/install/sfr_coursework2_interface_package/include/sfr_coursework2_interface_package/sfr_coursework2_interface_package/action/detail/drone_control__type_support.c\n'}
[18.535679] (sfr_coursework2_interface_package) StdoutLine: {'line': b'-- Installing: /home/student48/assessments/coursework2/install/sfr_coursework2_interface_package/include/sfr_coursework2_interface_package/sfr_coursework2_interface_package/action/detail/drone_control__rosidl_typesupport_introspection_c.h\n'}
[18.535836] (sfr_coursework2_interface_package) StdoutLine: {'line': b'-- Installing: /home/student48/assessments/coursework2/install/sfr_coursework2_interface_package/lib/libsfr_coursework2_interface_package__rosidl_typesupport_introspection_c.so\n'}
[18.535958] (sfr_coursework2_interface_package) StdoutLine: {'line': b'-- Set non-toolchain portion of runtime path of "/home/student48/assessments/coursework2/install/sfr_coursework2_interface_package/lib/libsfr_coursework2_interface_package__rosidl_typesupport_introspection_c.so" to ""\n'}
[18.536319] (sfr_coursework2_interface_package) StdoutLine: {'line': b'-- Installing: /home/student48/assessments/coursework2/install/sfr_coursework2_interface_package/lib/libsfr_coursework2_interface_package__rosidl_typesupport_c.so\n'}
[18.536731] (sfr_coursework2_interface_package) StdoutLine: {'line': b'-- Set non-toolchain portion of runtime path of "/home/student48/assessments/coursework2/install/sfr_coursework2_interface_package/lib/libsfr_coursework2_interface_package__rosidl_typesupport_c.so" to ""\n'}
[18.536931] (sfr_coursework2_interface_package) StdoutLine: {'line': b'-- Up-to-date: /home/student48/assessments/coursework2/install/sfr_coursework2_interface_package/include/sfr_coursework2_interface_package/sfr_coursework2_interface_package\n'}
[18.537215] (sfr_coursework2_interface_package) StdoutLine: {'line': b'-- Up-to-date: /home/student48/assessments/coursework2/install/sfr_coursework2_interface_package/include/sfr_coursework2_interface_package/sfr_coursework2_interface_package/action\n'}
[18.537326] (sfr_coursework2_interface_package) StdoutLine: {'line': b'-- Up-to-date: /home/student48/assessments/coursework2/install/sfr_coursework2_interface_package/include/sfr_coursework2_interface_package/sfr_coursework2_interface_package/action/detail\n'}
[18.537492] (sfr_coursework2_interface_package) StdoutLine: {'line': b'-- Installing: /home/student48/assessments/coursework2/install/sfr_coursework2_interface_package/include/sfr_coursework2_interface_package/sfr_coursework2_interface_package/action/detail/drone_control__type_support.cpp\n'}
[18.537588] (sfr_coursework2_interface_package) StdoutLine: {'line': b'-- Installing: /home/student48/assessments/coursework2/install/sfr_coursework2_interface_package/include/sfr_coursework2_interface_package/sfr_coursework2_interface_package/action/detail/drone_control__rosidl_typesupport_introspection_cpp.hpp\n'}
[18.537668] (sfr_coursework2_interface_package) StdoutLine: {'line': b'-- Installing: /home/student48/assessments/coursework2/install/sfr_coursework2_interface_package/lib/libsfr_coursework2_interface_package__rosidl_typesupport_introspection_cpp.so\n'}
[18.537925] (sfr_coursework2_interface_package) StdoutLine: {'line': b'-- Set non-toolchain portion of runtime path of "/home/student48/assessments/coursework2/install/sfr_coursework2_interface_package/lib/libsfr_coursework2_interface_package__rosidl_typesupport_introspection_cpp.so" to ""\n'}
[18.538094] (sfr_coursework2_interface_package) StdoutLine: {'line': b'-- Installing: /home/student48/assessments/coursework2/install/sfr_coursework2_interface_package/lib/libsfr_coursework2_interface_package__rosidl_typesupport_cpp.so\n'}
[18.538640] (sfr_coursework2_interface_package) StdoutLine: {'line': b'-- Set non-toolchain portion of runtime path of "/home/student48/assessments/coursework2/install/sfr_coursework2_interface_package/lib/libsfr_coursework2_interface_package__rosidl_typesupport_cpp.so" to ""\n'}
[18.538745] (sfr_coursework2_interface_package) StdoutLine: {'line': b'-- Installing: /home/student48/assessments/coursework2/install/sfr_coursework2_interface_package/share/sfr_coursework2_interface_package/environment/pythonpath.sh\n'}
[18.538889] (sfr_coursework2_interface_package) StdoutLine: {'line': b'-- Installing: /home/student48/assessments/coursework2/install/sfr_coursework2_interface_package/share/sfr_coursework2_interface_package/environment/pythonpath.dsv\n'}
[18.539052] (sfr_coursework2_interface_package) StdoutLine: {'line': b'-- Installing: /home/student48/assessments/coursework2/install/sfr_coursework2_interface_package/lib/python3.12/site-packages/sfr_coursework2_interface_package-0.0.0-py3.12.egg-info\n'}
[18.539300] (sfr_coursework2_interface_package) StdoutLine: {'line': b'-- Installing: /home/student48/assessments/coursework2/install/sfr_coursework2_interface_package/lib/python3.12/site-packages/sfr_coursework2_interface_package-0.0.0-py3.12.egg-info/top_level.txt\n'}
[18.539618] (sfr_coursework2_interface_package) StdoutLine: {'line': b'-- Installing: /home/student48/assessments/coursework2/install/sfr_coursework2_interface_package/lib/python3.12/site-packages/sfr_coursework2_interface_package-0.0.0-py3.12.egg-info/SOURCES.txt\n'}
[18.539797] (sfr_coursework2_interface_package) StdoutLine: {'line': b'-- Installing: /home/student48/assessments/coursework2/install/sfr_coursework2_interface_package/lib/python3.12/site-packages/sfr_coursework2_interface_package-0.0.0-py3.12.egg-info/PKG-INFO\n'}
[18.539975] (sfr_coursework2_interface_package) StdoutLine: {'line': b'-- Installing: /home/student48/assessments/coursework2/install/sfr_coursework2_interface_package/lib/python3.12/site-packages/sfr_coursework2_interface_package-0.0.0-py3.12.egg-info/dependency_links.txt\n'}
[18.540135] (sfr_coursework2_interface_package) StdoutLine: {'line': b'-- Installing: /home/student48/assessments/coursework2/install/sfr_coursework2_interface_package/lib/python3.12/site-packages/sfr_coursework2_interface_package\n'}
[18.540285] (sfr_coursework2_interface_package) StdoutLine: {'line': b'-- Installing: /home/student48/assessments/coursework2/install/sfr_coursework2_interface_package/lib/python3.12/site-packages/sfr_coursework2_interface_package/sfr_coursework2_interface_package_s__rosidl_typesupport_introspection_c.so\n'}
[18.540445] (sfr_coursework2_interface_package) StdoutLine: {'line': b'-- Installing: /home/student48/assessments/coursework2/install/sfr_coursework2_interface_package/lib/python3.12/site-packages/sfr_coursework2_interface_package/_sfr_coursework2_interface_package_s.ep.rosidl_typesupport_introspection_c.c\n'}
[18.540554] (sfr_coursework2_interface_package) StdoutLine: {'line': b'-- Installing: /home/student48/assessments/coursework2/install/sfr_coursework2_interface_package/lib/python3.12/site-packages/sfr_coursework2_interface_package/_sfr_coursework2_interface_package_s.ep.rosidl_typesupport_fastrtps_c.c\n'}
[18.540713] (sfr_coursework2_interface_package) StdoutLine: {'line': b'-- Installing: /home/student48/assessments/coursework2/install/sfr_coursework2_interface_package/lib/python3.12/site-packages/sfr_coursework2_interface_package/action\n'}
[18.540817] (sfr_coursework2_interface_package) StdoutLine: {'line': b'-- Installing: /home/student48/assessments/coursework2/install/sfr_coursework2_interface_package/lib/python3.12/site-packages/sfr_coursework2_interface_package/action/_drone_control_s.c\n'}
[18.540971] (sfr_coursework2_interface_package) StdoutLine: {'line': b'-- Installing: /home/student48/assessments/coursework2/install/sfr_coursework2_interface_package/lib/python3.12/site-packages/sfr_coursework2_interface_package/action/_drone_control.py\n'}
[18.541195] (sfr_coursework2_interface_package) StdoutLine: {'line': b'-- Installing: /home/student48/assessments/coursework2/install/sfr_coursework2_interface_package/lib/python3.12/site-packages/sfr_coursework2_interface_package/action/__init__.py\n'}
[18.541328] (sfr_coursework2_interface_package) StdoutLine: {'line': b'-- Installing: /home/student48/assessments/coursework2/install/sfr_coursework2_interface_package/lib/python3.12/site-packages/sfr_coursework2_interface_package/_sfr_coursework2_interface_package_s.ep.rosidl_typesupport_c.c\n'}
[18.541484] (sfr_coursework2_interface_package) StdoutLine: {'line': b'-- Installing: /home/student48/assessments/coursework2/install/sfr_coursework2_interface_package/lib/python3.12/site-packages/sfr_coursework2_interface_package/sfr_coursework2_interface_package_s__rosidl_typesupport_fastrtps_c.so\n'}
[18.541603] (sfr_coursework2_interface_package) StdoutLine: {'line': b'-- Installing: /home/student48/assessments/coursework2/install/sfr_coursework2_interface_package/lib/python3.12/site-packages/sfr_coursework2_interface_package/sfr_coursework2_interface_package_s__rosidl_typesupport_c.so\n'}
[18.541785] (sfr_coursework2_interface_package) StdoutLine: {'line': b'-- Installing: /home/student48/assessments/coursework2/install/sfr_coursework2_interface_package/lib/python3.12/site-packages/sfr_coursework2_interface_package/__init__.py\n'}
[18.595704] (-) TimerEvent: {}
[18.642558] (sfr_coursework2_interface_package) StdoutLine: {'line': b"Listing '/home/student48/assessments/coursework2/install/sfr_coursework2_interface_package/lib/python3.12/site-packages/sfr_coursework2_interface_package'...\n"}
[18.642882] (sfr_coursework2_interface_package) StdoutLine: {'line': b"Compiling '/home/student48/assessments/coursework2/install/sfr_coursework2_interface_package/lib/python3.12/site-packages/sfr_coursework2_interface_package/__init__.py'...\n"}
[18.643066] (sfr_coursework2_interface_package) StdoutLine: {'line': b"Listing '/home/student48/assessments/coursework2/install/sfr_coursework2_interface_package/lib/python3.12/site-packages/sfr_coursework2_interface_package/action'...\n"}
[18.643244] (sfr_coursework2_interface_package) StdoutLine: {'line': b"Compiling '/home/student48/assessments/coursework2/install/sfr_coursework2_interface_package/lib/python3.12/site-packages/sfr_coursework2_interface_package/action/__init__.py'...\n"}
[18.643354] (sfr_coursework2_interface_package) StdoutLine: {'line': b"Compiling '/home/student48/assessments/coursework2/install/sfr_coursework2_interface_package/lib/python3.12/site-packages/sfr_coursework2_interface_package/action/_drone_control.py'...\n"}
[18.650076] (sfr_coursework2_interface_package) StdoutLine: {'line': b'-- Installing: /home/student48/assessments/coursework2/install/sfr_coursework2_interface_package/lib/python3.12/site-packages/sfr_coursework2_interface_package/sfr_coursework2_interface_package_s__rosidl_typesupport_fastrtps_c.so\n'}
[18.650412] (sfr_coursework2_interface_package) StdoutLine: {'line': b'-- Set non-toolchain portion of runtime path of "/home/student48/assessments/coursework2/install/sfr_coursework2_interface_package/lib/python3.12/site-packages/sfr_coursework2_interface_package/sfr_coursework2_interface_package_s__rosidl_typesupport_fastrtps_c.so" to ""\n'}
[18.650595] (sfr_coursework2_interface_package) StdoutLine: {'line': b'-- Installing: /home/student48/assessments/coursework2/install/sfr_coursework2_interface_package/lib/python3.12/site-packages/sfr_coursework2_interface_package/sfr_coursework2_interface_package_s__rosidl_typesupport_introspection_c.so\n'}
[18.650795] (sfr_coursework2_interface_package) StdoutLine: {'line': b'-- Set non-toolchain portion of runtime path of "/home/student48/assessments/coursework2/install/sfr_coursework2_interface_package/lib/python3.12/site-packages/sfr_coursework2_interface_package/sfr_coursework2_interface_package_s__rosidl_typesupport_introspection_c.so" to ""\n'}
[18.650979] (sfr_coursework2_interface_package) StdoutLine: {'line': b'-- Installing: /home/student48/assessments/coursework2/install/sfr_coursework2_interface_package/lib/python3.12/site-packages/sfr_coursework2_interface_package/sfr_coursework2_interface_package_s__rosidl_typesupport_c.so\n'}
[18.651293] (sfr_coursework2_interface_package) StdoutLine: {'line': b'-- Set non-toolchain portion of runtime path of "/home/student48/assessments/coursework2/install/sfr_coursework2_interface_package/lib/python3.12/site-packages/sfr_coursework2_interface_package/sfr_coursework2_interface_package_s__rosidl_typesupport_c.so" to ""\n'}
[18.651487] (sfr_coursework2_interface_package) StdoutLine: {'line': b'-- Installing: /home/student48/assessments/coursework2/install/sfr_coursework2_interface_package/lib/libsfr_coursework2_interface_package__rosidl_generator_py.so\n'}
[18.651671] (sfr_coursework2_interface_package) StdoutLine: {'line': b'-- Set non-toolchain portion of runtime path of "/home/student48/assessments/coursework2/install/sfr_coursework2_interface_package/lib/libsfr_coursework2_interface_package__rosidl_generator_py.so" to ""\n'}
[18.651858] (sfr_coursework2_interface_package) StdoutLine: {'line': b'-- Installing: /home/student48/assessments/coursework2/install/sfr_coursework2_interface_package/share/sfr_coursework2_interface_package/action/DroneControl.idl\n'}
[18.652191] (sfr_coursework2_interface_package) StdoutLine: {'line': b'-- Installing: /home/student48/assessments/coursework2/install/sfr_coursework2_interface_package/share/sfr_coursework2_interface_package/action/DroneControl.action\n'}
[18.652423] (sfr_coursework2_interface_package) StdoutLine: {'line': b'-- Installing: /home/student48/assessments/coursework2/install/sfr_coursework2_interface_package/share/ament_index/resource_index/package_run_dependencies/sfr_coursework2_interface_package\n'}
[18.652596] (sfr_coursework2_interface_package) StdoutLine: {'line': b'-- Installing: /home/student48/assessments/coursework2/install/sfr_coursework2_interface_package/share/ament_index/resource_index/parent_prefix_path/sfr_coursework2_interface_package\n'}
[18.652806] (sfr_coursework2_interface_package) StdoutLine: {'line': b'-- Installing: /home/student48/assessments/coursework2/install/sfr_coursework2_interface_package/share/sfr_coursework2_interface_package/environment/ament_prefix_path.sh\n'}
[18.653044] (sfr_coursework2_interface_package) StdoutLine: {'line': b'-- Installing: /home/student48/assessments/coursework2/install/sfr_coursework2_interface_package/share/sfr_coursework2_interface_package/environment/ament_prefix_path.dsv\n'}
[18.653258] (sfr_coursework2_interface_package) StdoutLine: {'line': b'-- Installing: /home/student48/assessments/coursework2/install/sfr_coursework2_interface_package/share/sfr_coursework2_interface_package/environment/path.sh\n'}
[18.653444] (sfr_coursework2_interface_package) StdoutLine: {'line': b'-- Installing: /home/student48/assessments/coursework2/install/sfr_coursework2_interface_package/share/sfr_coursework2_interface_package/environment/path.dsv\n'}
[18.653640] (sfr_coursework2_interface_package) StdoutLine: {'line': b'-- Installing: /home/student48/assessments/coursework2/install/sfr_coursework2_interface_package/share/sfr_coursework2_interface_package/local_setup.bash\n'}
[18.653811] (sfr_coursework2_interface_package) StdoutLine: {'line': b'-- Installing: /home/student48/assessments/coursework2/install/sfr_coursework2_interface_package/share/sfr_coursework2_interface_package/local_setup.sh\n'}
[18.654009] (sfr_coursework2_interface_package) StdoutLine: {'line': b'-- Installing: /home/student48/assessments/coursework2/install/sfr_coursework2_interface_package/share/sfr_coursework2_interface_package/local_setup.zsh\n'}
[18.654220] (sfr_coursework2_interface_package) StdoutLine: {'line': b'-- Installing: /home/student48/assessments/coursework2/install/sfr_coursework2_interface_package/share/sfr_coursework2_interface_package/local_setup.dsv\n'}
[18.654439] (sfr_coursework2_interface_package) StdoutLine: {'line': b'-- Installing: /home/student48/assessments/coursework2/install/sfr_coursework2_interface_package/share/sfr_coursework2_interface_package/package.dsv\n'}
[18.654675] (sfr_coursework2_interface_package) StdoutLine: {'line': b'-- Installing: /home/student48/assessments/coursework2/install/sfr_coursework2_interface_package/share/ament_index/resource_index/packages/sfr_coursework2_interface_package\n'}
[18.654915] (sfr_coursework2_interface_package) StdoutLine: {'line': b'-- Installing: /home/student48/assessments/coursework2/install/sfr_coursework2_interface_package/share/sfr_coursework2_interface_package/cmake/export_sfr_coursework2_interface_package__rosidl_generator_cExport.cmake\n'}
[18.655210] (sfr_coursework2_interface_package) StdoutLine: {'line': b'-- Installing: /home/student48/assessments/coursework2/install/sfr_coursework2_interface_package/share/sfr_coursework2_interface_package/cmake/export_sfr_coursework2_interface_package__rosidl_generator_cExport-noconfig.cmake\n'}
[18.655573] (sfr_coursework2_interface_package) StdoutLine: {'line': b'-- Installing: /home/student48/assessments/coursework2/install/sfr_coursework2_interface_package/share/sfr_coursework2_interface_package/cmake/export_sfr_coursework2_interface_package__rosidl_typesupport_fastrtps_cExport.cmake\n'}
[18.655730] (sfr_coursework2_interface_package) StdoutLine: {'line': b'-- Installing: /home/student48/assessments/coursework2/install/sfr_coursework2_interface_package/share/sfr_coursework2_interface_package/cmake/export_sfr_coursework2_interface_package__rosidl_typesupport_fastrtps_cExport-noconfig.cmake\n'}
[18.655830] (sfr_coursework2_interface_package) StdoutLine: {'line': b'-- Installing: /home/student48/assessments/coursework2/install/sfr_coursework2_interface_package/share/sfr_coursework2_interface_package/cmake/export_sfr_coursework2_interface_package__rosidl_generator_cppExport.cmake\n'}
[18.655920] (sfr_coursework2_interface_package) StdoutLine: {'line': b'-- Installing: /home/student48/assessments/coursework2/install/sfr_coursework2_interface_package/share/sfr_coursework2_interface_package/cmake/export_sfr_coursework2_interface_package__rosidl_typesupport_fastrtps_cppExport.cmake\n'}
[18.656007] (sfr_coursework2_interface_package) StdoutLine: {'line': b'-- Installing: /home/student48/assessments/coursework2/install/sfr_coursework2_interface_package/share/sfr_coursework2_interface_package/cmake/export_sfr_coursework2_interface_package__rosidl_typesupport_fastrtps_cppExport-noconfig.cmake\n'}
[18.656105] (sfr_coursework2_interface_package) StdoutLine: {'line': b'-- Installing: /home/student48/assessments/coursework2/install/sfr_coursework2_interface_package/share/sfr_coursework2_interface_package/cmake/sfr_coursework2_interface_package__rosidl_typesupport_introspection_cExport.cmake\n'}
[18.656201] (sfr_coursework2_interface_package) StdoutLine: {'line': b'-- Installing: /home/student48/assessments/coursework2/install/sfr_coursework2_interface_package/share/sfr_coursework2_interface_package/cmake/sfr_coursework2_interface_package__rosidl_typesupport_introspection_cExport-noconfig.cmake\n'}
[18.656289] (sfr_coursework2_interface_package) StdoutLine: {'line': b'-- Installing: /home/student48/assessments/coursework2/install/sfr_coursework2_interface_package/share/sfr_coursework2_interface_package/cmake/sfr_coursework2_interface_package__rosidl_typesupport_cExport.cmake\n'}
[18.656411] (sfr_coursework2_interface_package) StdoutLine: {'line': b'-- Installing: /home/student48/assessments/coursework2/install/sfr_coursework2_interface_package/share/sfr_coursework2_interface_package/cmake/sfr_coursework2_interface_package__rosidl_typesupport_cExport-noconfig.cmake\n'}
[18.656500] (sfr_coursework2_interface_package) StdoutLine: {'line': b'-- Installing: /home/student48/assessments/coursework2/install/sfr_coursework2_interface_package/share/sfr_coursework2_interface_package/cmake/sfr_coursework2_interface_package__rosidl_typesupport_introspection_cppExport.cmake\n'}
[18.656587] (sfr_coursework2_interface_package) StdoutLine: {'line': b'-- Installing: /home/student48/assessments/coursework2/install/sfr_coursework2_interface_package/share/sfr_coursework2_interface_package/cmake/sfr_coursework2_interface_package__rosidl_typesupport_introspection_cppExport-noconfig.cmake\n'}
[18.656672] (sfr_coursework2_interface_package) StdoutLine: {'line': b'-- Installing: /home/student48/assessments/coursework2/install/sfr_coursework2_interface_package/share/sfr_coursework2_interface_package/cmake/sfr_coursework2_interface_package__rosidl_typesupport_cppExport.cmake\n'}
[18.656758] (sfr_coursework2_interface_package) StdoutLine: {'line': b'-- Installing: /home/student48/assessments/coursework2/install/sfr_coursework2_interface_package/share/sfr_coursework2_interface_package/cmake/sfr_coursework2_interface_package__rosidl_typesupport_cppExport-noconfig.cmake\n'}
[18.656841] (sfr_coursework2_interface_package) StdoutLine: {'line': b'-- Installing: /home/student48/assessments/coursework2/install/sfr_coursework2_interface_package/share/sfr_coursework2_interface_package/cmake/export_sfr_coursework2_interface_package__rosidl_generator_pyExport.cmake\n'}
[18.656919] (sfr_coursework2_interface_package) StdoutLine: {'line': b'-- Installing: /home/student48/assessments/coursework2/install/sfr_coursework2_interface_package/share/sfr_coursework2_interface_package/cmake/export_sfr_coursework2_interface_package__rosidl_generator_pyExport-noconfig.cmake\n'}
[18.656990] (sfr_coursework2_interface_package) StdoutLine: {'line': b'-- Installing: /home/student48/assessments/coursework2/install/sfr_coursework2_interface_package/share/sfr_coursework2_interface_package/cmake/rosidl_cmake-extras.cmake\n'}
[18.657064] (sfr_coursework2_interface_package) StdoutLine: {'line': b'-- Installing: /home/student48/assessments/coursework2/install/sfr_coursework2_interface_package/share/sfr_coursework2_interface_package/cmake/ament_cmake_export_dependencies-extras.cmake\n'}
[18.657152] (sfr_coursework2_interface_package) StdoutLine: {'line': b'-- Installing: /home/student48/assessments/coursework2/install/sfr_coursework2_interface_package/share/sfr_coursework2_interface_package/cmake/ament_cmake_export_include_directories-extras.cmake\n'}
[18.657296] (sfr_coursework2_interface_package) StdoutLine: {'line': b'-- Installing: /home/student48/assessments/coursework2/install/sfr_coursework2_interface_package/share/sfr_coursework2_interface_package/cmake/ament_cmake_export_libraries-extras.cmake\n'}
[18.657379] (sfr_coursework2_interface_package) StdoutLine: {'line': b'-- Installing: /home/student48/assessments/coursework2/install/sfr_coursework2_interface_package/share/sfr_coursework2_interface_package/cmake/ament_cmake_export_targets-extras.cmake\n'}
[18.657457] (sfr_coursework2_interface_package) StdoutLine: {'line': b'-- Installing: /home/student48/assessments/coursework2/install/sfr_coursework2_interface_package/share/sfr_coursework2_interface_package/cmake/rosidl_cmake_export_typesupport_targets-extras.cmake\n'}
[18.657530] (sfr_coursework2_interface_package) StdoutLine: {'line': b'-- Installing: /home/student48/assessments/coursework2/install/sfr_coursework2_interface_package/share/sfr_coursework2_interface_package/cmake/rosidl_cmake_export_typesupport_libraries-extras.cmake\n'}
[18.657654] (sfr_coursework2_interface_package) StdoutLine: {'line': b'-- Installing: /home/student48/assessments/coursework2/install/sfr_coursework2_interface_package/share/sfr_coursework2_interface_package/cmake/sfr_coursework2_interface_packageConfig.cmake\n'}
[18.657731] (sfr_coursework2_interface_package) StdoutLine: {'line': b'-- Installing: /home/student48/assessments/coursework2/install/sfr_coursework2_interface_package/share/sfr_coursework2_interface_package/cmake/sfr_coursework2_interface_packageConfig-version.cmake\n'}
[18.657803] (sfr_coursework2_interface_package) StdoutLine: {'line': b'-- Installing: /home/student48/assessments/coursework2/install/sfr_coursework2_interface_package/share/sfr_coursework2_interface_package/package.xml\n'}
[18.659579] (sfr_coursework2_interface_package) CommandEnded: {'returncode': 0}
[18.691122] (sfr_coursework2_interface_package) JobEnded: {'identifier': 'sfr_coursework2_interface_package', 'rc': 0}
[18.692979] (-) EventReactorShutdown: {}
